Género,Grupo étnico al que pertenece,¿Tiene alguna discapacidad?,"Pertenece a algún grupo poblacional (LGBTI, Victima del conflicto armado, mujer, campesino, barrismo social)",Departamento de residencia,Municipio de residencia,¿Reside en zona urbana o zona rural?,Sector al que pertenece,Actividad dentro del sector
Mujer,NO,No,NO,HUILA,NEIVA,Urbana,Artes plásticas,Creación
Mujer,Ninguno,No,Mujer,Huila,Neiva,Urbana,Artes plásticas,Creación
Mujer,Ninguno,No,Ninguna de las anteriores,Huila,Neiva,Urbana,Artes plásticas,Creación
Hombre,Ninguno,No,Ninguna de las anteriores,Huila,Neiva,Urbana,Artes plásticas,Creación
Hombre,Ninguno,No,Ninguna de las anteriores,Huila,Neiva,Urbana,Artes plásticas,Creación
Hombre,Ninguno,No,Ninguna de las anteriores,Huila,Neiva,Urbana,Artes plásticas,Creación
Hombre,Ninguno,No,Ninguna de las anteriores,Huila,Neiva,Urbana,Artes plásticas,Formación
Hombre,NO,No,NO,HUILA,NEIVA,Urbana,Artes plásticas,Creación
Hombre,NO,No,no,HUILA,NEIVA,Urbana,Artes plásticas,Creación
Hombre,NO,No,no,HUILA,NEIVA,Urbana,Artes plásticas,Educación
Hombre,Ninguno,No,Ninguna de las anteriores,Huila,Neiva,Urbana,Artes plásticas,Gestión Cultural
Hombre,NO,No,no,HUILA,NEIVA,Urbana,Artes plásticas,Gestión Cultural
Hombre,Ninguno,No,Ninguna de las anteriores,Huila,Neiva,Urbana,Artes plásticas,Creación
Mujer,NO,No,NO,HUILA,NEIVA,Urbana,Artes plásticas,Creación
Hombre,Ninguno,No,Ninguna de las anteriores,Huila,Neiva,Urbana,Artes plásticas,Formación
Hombre,Ninguno,No,Ninguna de las anteriores,Huila,Neiva,Urbana,Artes plásticas,Creación
Mujer,NO,No,NO,HUILA,NEIVA,,Artes plásticas,Gestión Cultural
Mujer,Ninguno,No,Ninguna de las anteriores,Huila,Neiva,Urbana,Artes plásticas,Gestión Cultural
Hombre,Ninguno,No,Ninguna de las anteriores,Huila,Neiva,Urbana,Artes plásticas,Creación
Hombre,Ninguno,No,Ninguna de las anteriores,Huila,Neiva,Urbana,Artes plásticas,Representación artística
Hombre,Negro Raizal o Palenquero,No,NO,HUILA,NEIVA,Rural,Artes plásticas,Creación
Hombre,Ninguno,No,Ninguna de las anteriores,Huila,Neiva,Urbana,Artes plásticas,Creación
Hombre,Ninguno,No,Ninguno,HUILA,NEIVA,Urbana,Artes plásticas,Creación
Hombre,Ninguno,No,Ninguno,HUILA,NEIVA,Urbana,Artes plásticas,Gestión Cultural
Hombre,Ninguno,No,Ninguna de las anteriores,Huila,Neiva,Urbana,Artes plásticas,Representación artística
Hombre,Ninguno,No,Ninguna de las anteriores,Huila,Neiva,Urbana,Artes plásticas,Creación
Hombre,Ninguno,No,No,HUILA,NEIVA,Urbana,Artes plásticas,Creación
Hombre,Ninguno,No,Ninguna de las anteriores,Huila,Neiva,Urbana,Artes plásticas,Representación artística
Mujer,Ninguno,No,Ninguna de las anteriores,Huila,Neiva,Urbana,Artes plásticas,Creación
Hombre,Ninguno,Si,No,HUILA,NEIVA,Urbana,Artes plásticas,Gestión Cultural
Mujer,Ninguno,No,Ninguna de las anteriores,Huila,Neiva,Urbana,Artes plásticas,Creación
Mujer,Ninguno,No,Mujer,Huila,Neiva,Urbana,Artes plásticas,Creación
Mujer,Negro afrodecendientes Raizal o Palenquero,No,Ninguna de las anteriores,Huila,Neiva,Urbana,Artes plásticas,Creación
Hombre,Ninguno,No,Ninguna de las anteriores,Huila,Neiva,Urbana,Artes plásticas,Gestión Cultural
Mujer,Ninguno,No,Mujer,Huila,Neiva,Urbana,Artes plásticas,Creación
Hombre,Ninguno,No,Ninguna de las anteriores,Huila,Neiva,Urbana,Artes plásticas,Representación artística
Mujer,Ninguno,No,Victima del conflicto armado,Huila,Neiva,Urbana,Artes plásticas,Formación
Hombre,Ninguno,no,,HUILA,NEIVA,,Artes plásticas,Creación
Mujer,Ninguno,No,Ninguna de las anteriores,Huila,Neiva,Urbana,Artes plásticas,Creación
Mujer,Ninguno,No,Ninguna de las anteriores,Huila,Neiva,Urbana,Artes plásticas,Creación
Hombre,Ninguno,No,Ninguna de las anteriores,Huila,Neiva,Urbana,Artes plásticas,Formación
Hombre,Ninguno,No,Victima del conflicto armado,Huila,Neiva,Urbana,Artes plásticas,Creación
Hombre,Ninguno,No,Ninguna de las anteriores,Huila,Neiva,Urbana,Artes plásticas,Creación
Hombre,Ninguno,No,Ninguno,HUILA,NEIVA,Urbana,Artes plásticas,Representación artística
Mujer,Ninguno,No,No,HUILA,"Garzón
Neiva",Urbana,Artes plásticas,Gestión Cultural
Hombre,NO,No,No,HUILA,NEIVA,Urbana,Artes plásticas,Creación
Mujer,NO,No,NO,HUILA,NEIVA,Urbana,Artes plásticas,Gestor Cultural
Mujer,NO,No,NO,HUILA,NEIVA,Urbana,Artes plásticas,Gestor Cultural
Hombre,NO,No,NO,HUILA,NEIVA,Urbana,Artes plásticas,Gestor Cultural
Mujer,Ninguno,No,Ninguna de las anteriores,Huila,Neiva,Urbana,Artes Plasticas,creacion y formacion
Hombre,Ninguno,No,Ninguna de las anteriores,Huila,Neiva,,Artes Plasticas,creacion y formacion
Hombre,,,,Huila,NEIVA,,Artes Plasticas,Formacion
Mujer,Ninguno,No,Ninguna de las anteriores,Huila,Neiva,Urbana,Artes Plasticas,creacion y formacion
Mujer,Ninguno,No,No,Huila,Neiva,Urbana,Artes Plasticas,Formación
Mujer,Ninguno,No,No,Huila,Neiva,Urbana,Artes Plasticas,Formación
Hombre,Ninguno,No,Ninguna de las anteriores,Huila,NEIVA,Urbana,Artes Plasticas,Creación
Hombre,Ninguno,No,Ninguna de las anteriores,Huila,Neiva,Urbana,Artes Plasticas,Formación y Educación
Hombre,Ninguno,No,Ninguna de las anteriores,Huila,NEIVA,Urbana,Artes Plasticas,Formacion y Creacion
Mujer,Ninguno,No,Ninguna de las anteriores,Huila,Neiva,Urbana,Artes Plasticas,Formacion y Creacion
Hombre,Ninguno,No,Ninguna de las anteriores,Huila,Neiva,Urbana,Artes Plasticas,Formacion y Creacion
Hombre,Ninguno,NO,NO,HUILA,NEIVA,Urbana,ARTES  PLASTICAS,Diseñador de CARROZAS
Hombre,NO,No,NO,HUILA,NEIVA,Urbana,ARTES  PLASTICAS,Creación
Hombre,,NO,NO,HUILA,NEIVA,,ARTES  PLASTICAS,Diseñador de CARROZAS
Hombre,Ninguno,No,No,HUILA,NEIVA,Urbana,ARTES  PLASTICAS,Diseñador de CARROZAS
Hombre,Ninguno,No,Ninguna de las anteriores,Huila,Neiva,Urbana,Música,Gestión Cultural
Hombre,Ninguno,No,Ninguna de las anteriores,Huila,Neiva,Urbana,Música,Creación
Hombre,NO,NO,NO,HUILA,NEIVA,Urbana,Música,Educación
Mujer,Ninguno,No,Ninguna de las anteriores,Huila,Neiva,Urbana,Música,Gestión Cultural
Hombre,Ninguno,No,Victima del conflicto armado,Huila,Neiva,Urbana,Música,Gestión Cultural
Hombre,Ninguno,No,Victima del conflicto armado,Huila,Neiva,Urbana,Música,Gestión Cultural
Hombre,Ninguno,No,Ninguna de las anteriores,Huila,Neiva,Urbana,Música,Creación
Hombre,Ninguno,No,Ninguna de las anteriores,Huila,Neiva,Urbana,Música,Gestión Cultural
Hombre,Ninguno,No,Campesino,HUILA,NEIVA,Urbana,Música,Representación artística
Hombre,Ninguno,Si,Ninguna de las anteriores,Huila,Neiva,Urbana,Música,Representación artística
Hombre,Ninguno,No,Ninguna de las anteriores,Huila,Neiva,Urbana,Música,Creación
Hombre,Ninguno,No,No,HUILA,NEIVA,Urbana,Música,Circulación
Hombre,Ninguno,No,Ninguna de las anteriores,Huila,Neiva,Urbana,Música,Representación artística
Hombre,Ninguno,No,Ninguna de las anteriores,Huila,Neiva,Urbana,Música,Creación
Hombre,Ninguno,No,Barrismo social,Huila,Neiva,Urbana,Música,Formación
Hombre,No,No,No,HUILA,NEIVA,Urbana,Música,Educación
Hombre,Ninguno,No,Campesino,HUILA,NEIVA,Urbana,Música,Representación artística
Mujer,No,No,No,HUILA,NEIVA,Urbana,Música,Representación artística
Mujer,No,No,No,HUILA,NEIVA,Urbana,Música,
Hombre,Ninguno,No,Ninguna de las anteriores,Huila,Neiva,Urbana,Música,Creación
Hombre,Ninguno,No,Ninguna de las anteriores,Huila,Neiva,Urbana,Música,Representación artística
Hombre,Ninguno,No,Victima del conflicto armado,Huila,Neiva,Urbana,Música,Creación
Hombre,Ninguno,No,Victima del conflicto armado,Huila,Neiva,Urbana,Música,Gestión Cultural
Hombre,Ninguno,No,Ninguna de las anteriores,Huila,Neiva,Urbana,Música,Gestión Cultural
Hombre,Ninguno,No,Ninguna de las anteriores,Huila,Neiva,Urbana,Música,Gestión Cultural
Hombre,Ninguno,No,Ninguna de las anteriores,Huila,Neiva,Urbana,Música,Educación
Hombre,Ninguno,No,Ninguna de las anteriores,Huila,Neiva,Urbana,Música,Representación artística
Hombre,Ninguno,No,Ninguna de las anteriores,Huila,Neiva,Urbana,Música,Circulación
Mujer,Ninguno,No,Mujer,Huila,Neiva,Urbana,Música,Gestión Cultural
Mujer,NO,No,SI,HUILA,NEIVA,Urbana,Música,Formación
Hombre,Ninguno,No,Ninguna de las anteriores,Huila,Neiva,Urbana,Música,Gestión Cultural
Hombre,Ninguno,No,Ninguna de las anteriores,Huila,Neiva,Urbana,Música,Creación
Hombre,NO APLICA,No,NO,HUILA,NEIVA,Urbana,Música,Gestión Cultural
Hombre,Ninguno,No,Ninguna de las anteriores,Huila,Neiva,Urbana,Música,Creación
Hombre,Ninguno,No,Ninguna de las anteriores,Huila,Neiva,Urbana,Música,Educación
Hombre,Ninguno,No,Ninguna de las anteriores,Huila,Neiva,Urbana,Música,Formación
Mujer,NO APLICA,No,NO,HUILA,NEIVA,Urbana,Música,GESTOR CULTURAL
Hombre,Ninguno,Si,Ninguna de las anteriores,Huila,Neiva,Urbana,Música,Educación
Mujer,Ninguno,No,Ninguna de las anteriores,Huila,Neiva,Urbana,Música,Gestión Cultural
Hombre,Ninguno,No,Ninguna de las anteriores,Huila,Neiva,Urbana,Música,Creación
Hombre,Ninguno,No,Ninguna de las anteriores,Huila,Neiva,Urbana,Música,Formación
Hombre,Ninguno,No,Campesino,Huila,Neiva,Rural,Música,Representación artística
Hombre,Ninguno,Si,LGBTI,Huila,Neiva,Urbana,Música,Gestión Cultural
Hombre,Ninguno,No,Ninguna de las anteriores,Huila,Neiva,Urbana,Música,Gestión Cultural
Hombre,Ninguno,No,Ninguna de las anteriores,Huila,Neiva,Urbana,Música,Representación artística
Hombre,Ninguno,No,Ninguna de las anteriores,Huila,Neiva,Urbana,Música,Formación
Hombre,Ninguno,No,Ninguna de las anteriores,Huila,Neiva,Urbana,Música,Creación
Hombre,NO,No,NO,HUILA,NEIVA,Urbana,Música,Creación
Hombre,NO,No,NO,HUILA,NEIVA,Urbana,Música,Formación
Hombre,NO,No,NO,HUILA,NEIVA,Urbana,Música,Creación
Hombre,NO,No,no,HUILA,NEIVA,Urbana,Música,Empresarial
Hombre,Ninguno,No,Ninguna de las anteriores,Huila,Neiva,Urbana,Música,Representación artística
Hombre,Ninguno,No,Ninguna de las anteriores,Huila,Neiva,Urbana,Música,Representación artística
Hombre,Ninguno,No,Ninguna de las anteriores,Huila,Neiva,Urbana,Música,Formación
Mujer,Ninguno,No,LGBTI,Huila,Neiva,Urbana,Música,Representación artística
Hombre,NO,No,NO,HUILA,NEIVA,Urbana,Música,"cantante, pistero"
Hombre,Ninguno,No,Ninguna de las anteriores,Huila,Neiva,Urbana,Música,Representación artística
Hombre,Ninguno,No,Ninguna de las anteriores,Huila,Neiva,Urbana,Música,Educación
Hombre,NO,No,no,HUILA,NEIVA,Urbana,Música,Creación
Hombre,Ninguno,No,Ninguna de las anteriores,Huila,Neiva,Urbana,Música,Representación artística
Mujer,Ninguno,No,Ninguna de las anteriores,Huila,Neiva,Urbana,Música,Representación artística
Hombre,NO,No,no,HUILA,NEIVA,Urbana,Música,Creación
Mujer,Ninguno,Si,Ninguna de las anteriores,Huila,Neiva,Urbana,Música,Representación artística
Hombre,Ninguno,No,Barrismo social,Huila,Neiva,Urbana,Música,Gestión Cultural
Hombre,NO,No,ninguno,HUILA,NEIVA,Urbana,Música,Gestión Cultural
Hombre,Ninguno,No,Ninguna de las anteriores,Huila,Neiva,Urbana,Música,Representación artística
Hombre,Ninguno,No,Victima del conflicto armado,Huila,Neiva,Urbana,Música,Representación artística
Hombre,Ninguno,No,Ninguna de las anteriores,Huila,Neiva,Urbana,Música,Representación artística
Hombre,NO,No,NO,HUILA,NEIVA,Urbana,Música,Gestión Cultural
Hombre,Ninguno,No,Ninguna de las anteriores,Huila,Neiva,Rural,Música,Representación artística
Hombre,Ninguno,Si,Victima del conflicto armado,Huila,Neiva,Urbana,Música,Representación artística
Mujer,Ninguno,No,Victima del conflicto armado,Huila,Neiva,Urbana,Música,Creación
Hombre,NO,No,NO,HUILA,NEIVA,Urbana,Música,Empresarial
Hombre,NO,No,NO,HUILA,NEIVA,Urbana,Música,Formación
Hombre,NO,No,NO,HUILA,NEIVA,Urbana,Música,Creación
Hombre,Ninguno,No,Ninguna de las anteriores,Huila,Neiva,Urbana,Música,Creación
Hombre,Ninguno,No,Ninguna de las anteriores,Huila,Neiva,Urbana,Música,Gestión Cultural
Mujer,Ninguno,No,Ninguna de las anteriores,Huila,Neiva,Urbana,Música,Formación
Hombre,Ninguno,No,Ninguna de las anteriores,Huila,Neiva,Urbana,Música,Creación
Hombre,Ninguno,No,Ninguna de las anteriores,Huila,Neiva,Urbana,Música,Representación artística
Hombre,Ninguno,No,Ninguna de las anteriores,Huila,Neiva,Urbana,Música,Representación artística
Mujer,Ninguno,No,Ninguna de las anteriores,Huila,Neiva,Urbana,Música,Representación artística
Mujer,NO,No,NO,HUILA,NEIVA,Urbana,Música,Gestión Cultural
Mujer,NO,No,NO,HUILA,NEIVA,Urbana,Música,Gestión Cultural
Hombre,Ninguno,No,Ninguna de las anteriores,Huila,Neiva,Urbana,Música,Representación artística
Hombre,Ninguno,No,Ninguna de las anteriores,Huila,Neiva,Urbana,Música,Representación artística
Hombre,Ninguno,No,Ninguna de las anteriores,Huila,Neiva,Urbana,Música,Representación artística
Hombre,Ninguno,No,Ninguna de las anteriores,Huila,Neiva,Urbana,Música,Representación artística
Hombre,Ninguno,No,Ninguna de las anteriores,Huila,Neiva,Urbana,Música,Representación artística
Hombre,NO,No,NO,HUILA,NEIVA,Urbana,Música,Circulación
Hombre,Negro Raizal,No,desplazados,HUILA,NEIVA,Urbana,Música,Gestión Cultural
Mujer,Ninguno,No,Ninguna de las anteriores,Huila,Neiva,Urbana,Música,Gestión Cultural
Hombre,Ninguno,No,Victima del conflicto armado,Huila,Neiva,Urbana,Música,Representación artística
Hombre,NO,No,NO,HUILA,NEIVA,Urbana,Música,Gestión Cultural
Hombre,NEGRO,No,NO,HUILA,NEIVA,Urbana,Música,Gestión Cultural
Hombre,Ninguno,No,Ninguna de las anteriores,Huila,Neiva,Urbana,Música,Representación artística
Hombre,NO,No,NO,HUILA,NEIVA,Urbana,Música,Representación artística
Hombre,Ninguno,No,Campesino,HUILA,NEIVA,Urbana,Música,Representación artística
Hombre,Ninguno,No,Ninguna de las anteriores,Huila,Neiva,Urbana,Música,Gestión Cultural
Hombre,Ninguno,No,Campesino,HUILA,NEIVA,Urbana,Música,Representación artística
Hombre,NO,No,NO,HUILA,NEIVA,Urbana,Música,Gestión Cultural
Hombre,NO,No,NO,HUILA,NEIVA,Urbana,Música,Circulación
Hombre,Ninguno,No,Ninguna de las anteriores,Huila,Neiva,Urbana,Música,Circulación
Hombre,Ninguno,No,Ninguna de las anteriores,Huila,Neiva,Urbana,Música,Representación artística
Hombre,NO,No,NO,HUILA,NEIVA,Urbana,Música,Gestión Cultural
Hombre,Ninguno,Si,Victima del conflicto armado,Huila,Neiva,Urbana,Música,Formación
Mujer,NO,No,NO,HUILA,NEIVA,Urbana,Música,Gestión Cultural
Hombre,NO,No,NO,HUILA,NEIVA,Urbana,Música,Gestión Cultural
Mujer,Ninguno,No,Ninguna de las anteriores,Huila,Neiva,Urbana,Música,Representación artística
Hombre,Ninguno,No,Victima del conflicto armado,Huila,Neiva,Urbana,Música,Representación artística
Hombre,Ninguno,No,Ninguna de las anteriores,Huila,Neiva,Urbana,Música,Representación artística
Hombre,Ninguno,Si,Ninguna de las anteriores,Huila,Neiva,Urbana,Música,Creación
Hombre,Ninguno,No,Ninguna de las anteriores,Huila,Neiva,Urbana,Música,Representación artística
Hombre,NO,No,Desplazado,HUILA,NEIVA,Urbana,Música,Circulación
Hombre,Ninguno,No,Ninguna de las anteriores,Huila,Neiva,Urbana,Música,Gestión Cultural
Hombre,Ninguno,No,Ninguna de las anteriores,Huila,Neiva,Urbana,Música,Representación artística
Mujer,Ninguno,No,Campesino,HUILA,NEIVA,Urbana,Música,Representación artística
Hombre,NO,No,NO,HUILA,NEIVA,,Música,Gestión Cultural
Hombre,Ninguno,No,Ninguna de las anteriores,Huila,Neiva,Urbana,Música,Representación artística
Hombre,Ninguno,No,Ninguna de las anteriores,Huila,Neiva,Urbana,Música,Representación artística
Hombre,Ninguno,No,Ninguna de las anteriores,Huila,Neiva,Urbana,Música,Formación
Hombre,Ninguno,No,Ninguna de las anteriores,Huila,Neiva,Urbana,Música,Representación artística
Hombre,NO,No,NO,HUILA,NEIVA,Urbana,Música,Gestión Cultural
Hombre,Ninguno,No,Ninguna de las anteriores,Huila,Neiva,Urbana,Música,Formación
Hombre,NO,No,NO,HUILA,NEIVA,Rural,Música,Educación
Hombre,Ninguno,No,Campesino,Huila,Neiva,Urbana,Música,Gestión Cultural
Hombre,Ninguno,No,Ninguna de las anteriores,Huila,Neiva,Urbana,Música,Educación
Hombre,NO,No,NO,HUILA,NEIVA,Urbana,Música,Representación artística
Hombre,Ninguno,No,Ninguna de las anteriores,Huila,Neiva,Urbana,Música,Creación
Hombre,Ninguno,No,Ninguna de las anteriores,Huila,Neiva,Urbana,Música,Empresarial
Hombre,Ninguno,No,Ninguna de las anteriores,Huila,Neiva,Urbana,Música,Representación artística
Hombre,Ninguno,No,Ninguna de las anteriores,Huila,Neiva,Urbana,Música,Representación artística
Hombre,NO,No,NO,HUILA,NEIVA,Urbana,Música,Representación artística
Hombre,NO,No,Victima del conflicto armado,HUILA,NEIVA,Urbana,Música,Representación artística
Mujer,NO,No,NO,HUILA,NEIVA,Urbana,Música,Representación artística
Hombre,NO,No,NO,HUILA,NEIVA,Urbana,Música,Representación artística
Hombre,NO,No,NO,HUILA,NEIVA,Urbana,Música,Representación artística
Mujer,NO,No,NO,HUILA,NEIVA,Urbana,Música,Representación artística
Mujer,NO,No,NO,HUILA,NEIVA,Urbana,Música,Representación artística
Hombre,NO,No,NO,HUILA,NEIVA,Urbana,Música,Representación artística
Hombre,,,,HUILA,NEIVA,Urbana,Música,
Hombre,NO,No,NO,HUILA,NEIVA,Urbana,Música,Representación artística
Hombre,Ninguno,No,Campesino,HUILA,NEIVA,Urbana,Música,Representación artística
Hombre,Ninguno,No,Ninguna de las anteriores,Huila,Neiva,Urbana,Música,Representación artística
Hombre,NO,No,NO,HUILA,NEIVA,Urbana,Música,Representación artística
Hombre,NO,No,NO,HUILA,NEIVA,Urbana,Música,Creación
Hombre,NO,No,NO,HUILA,NEIVA,Urbana,Música,Representación artística
Hombre,Rrom o gitano,No,Ninguna de las anteriores,Huila,Neiva,Urbana,Música,Creación
Hombre,NO,No,NO,HUILA,GARZON,Urbana,Música,Representación artística
Hombre,Ninguno,No,Ninguna de las anteriores,Huila,Neiva,Urbana,Música,Creación
Hombre,Ninguno,No,Ninguna de las anteriores,Huila,Neiva,Urbana,Música,Empresarial
Hombre,Ninguno,No,Ninguna de las anteriores,Huila,Neiva,Urbana,Música,Circulación
Hombre,NO,No,NO,HUILA,NEIVA,Urbana,Música,Representación artística
Hombre,NO,No,NO,HUILA,NEIVA,Urbana,Música,Representación artística
Hombre,Negro Raizal o Palenquero,No,NO,HUILA,NEIVA,Urbana,Música,Gestión Cultural
Hombre,NO,No,NO,HUILA,NEIVA,Urbana,Música,Representación artística
Hombre,NO,No,NO,HUILA,NEIVA,Urbana,Música,Representación artística
Mujer,Ninguno,No,Ninguna de las anteriores,Huila,Neiva,Rural,Música,Formación
Hombre,NO,No,NO,TOLIMA,VELU,Urbana,Música,Formación
Hombre,Ninguno,No,Victima del conflicto armado,Huila,Neiva,Urbana,Música,Gestión Cultural
Hombre,Negro Raizal o Palenquero,No,NINIGUNO,HUILA,NEIVA,,Música,Formación
Hombre,Ninguno,No,Campesino,Huila,Neiva,Urbana,Música,Representación artística
Hombre,Negro afrodecendientes Raizal o Palenquero,No,Campesino,Huila,Neiva,Urbana,Música,Creación
Hombre,ninguno,No,NINIGUNO,HUILA,NEIVA,Urbana,Música,Representación artística
Hombre,Negro Raizal o Palenquero,No,NINIGUNO,HUILA,NEIVA,,Música,Formación
Hombre,ninguno,No,NINIGUNO,HUILA,NEIVA,Urbana,Música,Formación
Hombre,Ninguno,Si,NINIGUNO,HUILA,NEIVA,Urbana,Música,Representación artística
Hombre,Ninguno,No,NINIGUNO,HUILA,NEIVA,Urbana,Música,Representación artística
Hombre,Ninguno,No,Campesino,HUILA,NEIVA,Urbana,Música,Representación artística
Hombre,Ninguno,No,Ninguna de las anteriores,Huila,Neiva,Urbana,Música,Representación artística
Hombre,Ninguno,No,Ninguna de las anteriores,Huila,Neiva,Urbana,Música,Representación artística
Hombre,Ninguno,Si,NO,HUILA,NEIVA,Rural,Música,Representación artística
Hombre,Ninguno,No,No,HUILA,NEIVA,Urbana,Música,Representación artística
Hombre,Ninguno,No,NO,HUILA,NEIVA,Urbana,Música,Representación artística
Mujer,Indígena,No,Ninguna de las anteriores,Huila,Neiva,Urbana,Música,Representación artística
Mujer,Ninguno,No,No,HUILA,NEIVA,Rural,Música,Representación artística
Hombre,Ninguno,Si,No,HUILA,NEIVA,,Música,Representación artística
Hombre,Ninguno,No,Ninguna de las anteriores,Huila,Neiva,Urbana,Música,Representación artística
Hombre,Ninguno,No,No,HUILA,NEIVA,,Música,Representación artística
Hombre,Ninguno,No,Ninguna de las anteriores,Huila,Neiva,Urbana,Música,Creación
Hombre,Ninguno,No,Campesino,Huila,Neiva,Urbana,Música,Representación artística
Hombre,Ninguno,Si,DESPLAZADO,HUILA,NEIVA,Urbana,Música,Representación artística
Hombre,Ninguno,No,Campesino,HUILA,NEIVA,Urbana,Música,Representación artística
Hombre,Ninguno,No,No,HUILA,NEIVA,Urbana,Música,Gestión Cultural
Hombre,Ninguno,Si,No,HUILA,NEIVA,Urbana,Música,Formación
Hombre,Ninguno,No,no,HUILA,NEIVA,Urbana,Música,Representación artística
Hombre,Ninguno,No,Ninguna de las anteriores,Huila,Neiva,Urbana,Música,Creación
Hombre,Ninguno,No,Campesino,HUILA,NEIVA,Urbana,Música,Representación artística
Hombre,Ninguno,No,No,HUILA,NEIVA,Urbana,Música,Representación artística
Hombre,Ninguno,No,no,HUILA,NEIVA,Urbana,Música,Representación artística
Hombre,Ninguno,No,Campesino,HUILA,NEIVA,Urbana,Música,Representación artística
Hombre,Ninguno,No,Ninguna de las anteriores,Huila,Neiva,Urbana,Música,Creación
Hombre,Ninguno,No,Ninguna de las anteriores,Huila,Neiva,Urbana,Música,Creación
Hombre,Indígena,No,Ninguna de las anteriores,Huila,Neiva,Urbana,Música,Representación artística
Hombre,Ninguno,No,Ninguna de las anteriores,Huila,Neiva,Urbana,Música,Representación artística
Hombre,Ninguno,No,Campesino,HUILA,NEIVA,Urbana,Música,Representación artística
Hombre,Ninguno,No,Victima del conflicto armado,Huila,Neiva,Urbana,Música,Empresarial
Hombre,ninguno,NO,no,HUILA,NEIVA,Urbana,Música,Representación artística
Hombre,Ninguno,No,Ninguna de las anteriores,Huila,Neiva,Urbana,Música,Representación artística
Hombre,Ninguno,No,Campesino,HUILA,NEIVA,Urbana,Música,Representación artística
Hombre,Ninguno,No,Ninguna de las anteriores,Huila,Neiva,Urbana,Música,Representación artística
Mujer,Ninguno,No,LGBTI,Huila,Neiva,Urbana,Música,Creación
Mujer,Ninguno,No,LGBTI,Huila,Neiva,Urbana,Música,Representación artística
Hombre,Ninguno,No,Campesino,Huila,Neiva,Rural,Música,Representación artística
Hombre,Ninguno,Si,LGBTI,Huila,Neiva,Urbana,Música,Creación
Hombre,Ninguno,No,Ninguna de las anteriores,Huila,Neiva,Urbana,Música,Representación artística
Hombre,Ninguno,No,Ninguna de las anteriores,Huila,Neiva,Urbana,Música,Representación artística
Hombre,Ninguno,No,Campesino,HUILA,NEIVA,Urbana,Música,Representación artística
Hombre,Ninguno,No,Ninguno,HUILA,NEIVA,Urbana,Música,Gestión Cultural
Hombre,,,,HUILA,NEIVA,,Música,Gestión Cultural
Hombre,Ninguno,No,Ninguna de las anteriores,Huila,Neiva,Urbana,Música,Educación
Hombre,0,No,0,HUILA,NEIVA,,Música,
Hombre,Ninguno,No,Ninguna de las anteriores,Huila,Neiva,Urbana,Música,Representación artística
Hombre,Ninguno,No,no,HUILA,NEIVA,Urbana,Música,Empresarial
Hombre,NO,SI,NO,HUILA,NEIVA,,Música,Circulación
Hombre,Ninguno,No,Ninguna de las anteriores,Huila,Neiva,Rural,Música,Gestión Cultural
Hombre,Ninguno,No,Ninguna de las anteriores,Huila,Neiva,Urbana,Música,Gestión Cultural
Hombre,Ninguno,No,Ninguna de las anteriores,Huila,Neiva,Urbana,Música,Representación artística
Hombre,Ninguno,No,Ninguna de las anteriores,Huila,Neiva,Urbana,Música,Representación artística
Hombre,Ninguno,No,Ninguno,HUILA,NEIVA,Urbana,Música,Gestión Cultural
Hombre,Ninguno,No,,HUILA,NEIVA,Urbana,Música,Circulación
Hombre,Ninguno,No,Ninguna de las anteriores,Huila,Neiva,Urbana,Música,Representación artística
Hombre,Ninguno,No,Campesino,HUILA,NEIVA,Urbana,Música,Representación artística
Hombre,Ninguno,No,,HUILA,NEIVA,,Música,Circulación
Hombre,Ninguno,No,Ninguna,Huila,Campoalegre,,Música,Representación artística
Hombre,Ninguno,No,Barrismo social,Huila,Neiva,Urbana,Música,Formación
Hombre,Ninguno,No,Campesino,HUILA,NEIVA,Urbana,Música,Representación artística
Hombre,Ninguno,No,Ninguna de las anteriores,Huila,Neiva,Urbana,Música,Representación artística
Hombre,Ninguno,No,Ninguna de las anteriores,Huila,Neiva,Urbana,Música,Representación artística
Hombre,Ninguno,No,Ninguno,HUILA,NEIVA,,Música,Gestión Cultural
Hombre,Ninguno,no,Si,HUILA,NEIVA,,Música,Gestión Cultural
Hombre,Ninguno,No,Ninguna de las anteriores,Huila,Neiva,Urbana,Música,Formación
Hombre,No,No,No,HUILA,NEIVA,,Música,Gestión Cultural
Hombre,Ninguno,Si,Ninguno,HUILA,NEIVA,,Música,Gestión Cultural
Hombre,Ninguno,No,Ninguno,HUILA,NEIVA,,Música,Gestión Cultural
Hombre,Ninguno,Si,Ninguno,HUILA,NEIVA,,Música,Gestión Cultural
Hombre,Rrom,No,DESPLAZADO,HUILA,NEIVA,,Música,Gestión Cultural
Hombre,Rrom,No,NO,HUILA,NEIVA,,Música,Gestión Cultural
Hombre,Rrom,No,NO,HUILA,NEIVA,,Música,Educación
Hombre,Rrom,No,DESPLAZADO,HUILA,NEIVA,,Música,Gestión Cultural
Hombre,Negro Raizal o Palenquero,No,NO,HUILA,NEIVA,,Música,Gestión Cultural
Hombre,Ninguno,No,Victima del conflicto armado,Huila,Neiva,Urbana,Música,Circulación
Hombre,Ninguno,No,Ninguna de las anteriores,Huila,Neiva,Urbana,Música,Creación
Hombre,Ninguno,No,Ninguna de las anteriores,Huila,Neiva,Urbana,Música,Circulación
Hombre,Ninguno,No,Ninguna de las anteriores,Huila,Neiva,Urbana,Música,Creación
Hombre,Ninguno,No,No,Huila,Neiva,,Música,Representación artística
Hombre,Ninguno,No,Ninguna de las anteriores,Huila,Neiva,Urbana,Música,Empresarial
Hombre,No,No,No,HUILA,NEIVA,,Música,Gestión Cultural
Hombre,,,,HUILA,NEIVA,,Música,Creación
Hombre,Rrom,No,NO,HUILA,NEIVA,,Música,Gestión Cultural
Hombre,Rrom,SI,DESPLAZADO,HUILA,NEIVA,,Música,Gestión Cultural
Hombre,Ninguno,No,Ninguna de las anteriores,Huila,Neiva,Urbana,Música,Empresarial
Hombre,Ninguno,No,Ninguna de las anteriores,Huila,Neiva,Urbana,Música,Educación
Hombre,Rrom,No,NO,HUILA,NEIVA,,Música,Creación
Hombre,Ninguno,No,Ninguna de las anteriores,Huila,Neiva,Urbana,Música,Empresarial
Hombre,MARIACHI MI CIUDAD DE NEIVA,No,,HUILA,NEIVA,,Música,Representación artística
Hombre,MARIACHI CLASICO ORO Y PLATA,NO,,HUILA,NEIVA,,Música,Representación artística
Hombre,Ninguno,No,,Huila,Neiva,,Música,Creación
Hombre,Ninguno,No,Ninguna de las anteriores,Huila,Neiva,Urbana,Música,Representación artística
Hombre,Ninguno,No,Ninguna de las anteriores,Huila,Neiva,Urbana,Música,Gestión Cultural
Hombre,Ninguno,No,Ninguna de las anteriores,Huila,Neiva,Urbana,Música,Creación
Hombre,Ninguno,Si,Ninguna de las anteriores,Huila,Neiva,Urbana,Música,Gestión Cultural
Hombre,Ninguno,No,Ninguna de las anteriores,Huila,Neiva,Urbana,Música,Formación
Hombre,Ninguno,Si,Ninguna de las anteriores,Huila,Neiva,Urbana,Música,Representación artística
Hombre,Ninguno,No,Ninguna de las anteriores,Huila,Neiva,Urbana,Música,Educación
Hombre,Ninguno,No,Ninguna de las anteriores,Huila,Neiva,Rural,Música,Representación artística
Hombre,Ninguno,No,Campesino,Huila,Neiva,Urbana,Música,Educación
Hombre,Ninguno,No,Ninguna de las anteriores,Huila,Neiva,Urbana,Música,Representación artística
Hombre,Ninguno,No,Ninguna de las anteriores,Huila,Neiva,Urbana,Música,Gestión Cultural
Hombre,Ninguno,No,Ninguna de las anteriores,Huila,Neiva,Urbana,Música,Circulación
Hombre,Ninguno,No,Ninguna de las anteriores,Huila,Neiva,Urbana,Música,Empresarial
Mujer,Ninguno,si,no,HUILA,NEIVA,Urbana,Artesanía,Educación
Hombre,Ninguno,No,Victima del conflicto armado,Huila,Neiva,Urbana,Música,Representación artística
Hombre,Ninguno,No,Ninguna de las anteriores,Huila,Neiva,Urbana,Música,Representación artística
Hombre,Ninguno,No,Ninguna de las anteriores,Huila,Neiva,Urbana,Música,Gestión Cultural
Hombre,Ninguno,No,,Huila,Neiva,,Música,
Hombre,Rrom,SI,DESPLAZADO,HUILA,NEIVA,,Música,Gestión Cultural
Hombre,Rrom,NO,DESPLAZADO,HUILA,NEIVA,,Música,Gestión Cultural
Hombre,Rrom,NO,NO,HUILA,NEIVA,,Música,Gestión Cultural
Hombre,Rrom,No,NO,HUILA,NEIVA,,Música,Representación artística
Hombre,Rrom,Si,NO,HUILA,NEIVA,,Música,Gestión Cultural
Hombre,Negro Raizal o Palenquero,No,NO,HUILA,NEIVA,,Música,Educación
Hombre,Ninguno,No,,Huila,Neiva,,Música,Formación
Hombre,Ninguno,No,Victima del conflicto armado,Huila,Neiva,Urbana,Música,Formación
Hombre,Ninguno,No,Ninguna de las anteriores,Huila,Neiva,Urbana,Música,Representación artística
Hombre,Ninguno,No,Ninguna de las anteriores,Huila,Neiva,Urbana,Música,Representación artística
Hombre,Ninguno,No,Ninguna de las anteriores,Huila,Neiva,Urbana,Música,Empresarial
Hombre,Ninguno,No,Ninguna de las anteriores,Huila,Neiva,Rural,Música,Educación
Hombre,Rrom,NO,NO,HUILA,NEIVA,,Música,Gestión Cultural
Hombre,Ninguno,No,Campesino,HUILA,NEIVA,Urbana,Música,Representación artística
Hombre,Ninguno,No,Campesino,HUILA,NEIVA,Urbana,Música,Representación artística
Hombre,Ninguno,No,Ninguna de las anteriores,Huila,Neiva,Urbana,Música,Gestión Cultural
Mujer,,No,,HUILA,NEIVA,,Música,Representación artística
Mujer,Ninguno,No,Ninguna de las anteriores,Huila,Neiva,Urbana,Música,Empresarial
Mujer,Ninguno,No,,HUILA,NEIVA,,Música,Circulación
Mujer,Ninguno,No,Mujer,Huila,Neiva,Urbana,Música,Creación
Hombre,Ninguno,No,Campesino,Huila,Neiva,Urbana,Música,Creación
Hombre,Ninguno,No,No,HUILA,NEIVA,Urbana,Música,Formación
Hombre,Ninguno,No,No,HUILA,NEIVA,Urbana,Música,Gestión Cultural
Mujer,Ninguno,No,Ninguna de las anteriores,Huila,Neiva,Urbana,Música,Gestión Cultural
Mujer,Ninguno,No,Ninguna de las anteriores,Huila,Neiva,Urbana,Música,Representación artística
Hombre,Ninguno,No,Ninguna de las anteriores,Huila,Neiva,Urbana,Música,Representación artística
Hombre,Ninguno,No,Ninguna de las anteriores,Huila,Neiva,Urbana,Música,Representación artística
Hombre,Ninguno,No,Ninguna de las anteriores,Huila,Neiva,Urbana,Música,Representación artística
Hombre,Ninguno,No,Ninguna de las anteriores,Huila,Neiva,Urbana,Música,Gestión Cultural
Hombre,Ninguno,No,No,HUILA,NEIVA,Urbana,Música,Gestión Cultural
Hombre,Ninguno,No,VICTIMA CONFLICTO,HUILA,NEIVA,Urbana,Música,Empresarial
Hombre,Ninguno,No,Campesino,HUILA,NEIVA,Urbana,Música,Representación artística
Hombre,Ninguno,No,Ninguna de las anteriores,Huila,Neiva,Urbana,Música,Formación
Hombre,Ninguno,No,Ninguna de las anteriores,Huila,Neiva,Urbana,Música,Formación
Hombre,Ninguno,No,Ninguna de las anteriores,Huila,Neiva,Rural,Música,Representación artística
Hombre,Ninguno,No,Campesino,Huila,Neiva,Urbana,Música,Creación
Hombre,Ninguno,No,Ninguna de las anteriores,Huila,Neiva,Urbana,Música,Gestión Cultural
Hombre,Ninguno,No,DESPLAZADA,HUILA,NEIVA,Urbana,Música,Creación
Hombre,Ninguno,Si,DESPLAZADA,HUILA,NEIVA,Urbana,Música,Gestión Cultural
Hombre,Ninguno,No,No,HUILA,NEIVA,Urbana,Música,Empresarial
Hombre,Ninguno,No,No,HUILA,NEIVA,Urbana,Música,Empresarial
Mujer,Ninguno,No,Ninguna de las anteriores,Huila,Neiva,Urbana,Música,Gestión Cultural
Mujer,Ninguno,No,Mujer,Huila,Neiva,Urbana,Música,Gestión Cultural
Mujer,Ninguno,No,Ninguna de las anteriores,Huila,Neiva,Urbana,Música,Formación
Hombre,Ninguno,Si,Ninguna de las anteriores,Huila,Neiva,Urbana,Música,Formación
Hombre,Ninguno,No,Ninguna de las anteriores,Huila,Neiva,Urbana,Música,Representación artística
Hombre,Ninguno,Si,VICTIMA DEL CONFLICTO,HUILA,NEIVA,Urbana,Música,Gestión Cultural
Hombre,Ninguno,No,No,HUILA,NEIVA,Urbana,Música,Gestión Cultural
Hombre,Ninguno,No,No,HUILA,NEIVA,Urbana,Música,Empresarial
Hombre,Ninguno,No,No,HUILA,NEIVA,Urbana,Música,Empresarial
Mujer,Ninguno,No,Ninguna de las anteriores,Huila,Neiva,Urbana,Música,Representación artística
Mujer,Ninguno,No,Ninguna de las anteriores,Huila,Neiva,Urbana,Música,Educación
Mujer,Ninguno,No,Mujer,Huila,Neiva,Urbana,Música,Representación artística
Mujer,Ninguno,No,Ninguna de las anteriores,Huila,Neiva,Urbana,Música,Creación
Mujer,N/A,No,VICTIMA DEL CONFLICTO,HUILA,NEIVA,Urbana,Música,Empresarial
Mujer,N/A,No,NO,HUILA,NEIVA,Urbana,Música,Gestión Cultural
Mujer,N/A,No,NO,HUILA,NEIVA,Urbana,Música,Representación artística
Mujer,N/A,No,NO,HUILA,NEIVA,Urbana,Música,Representación artística
Mujer,No,No,No,Bogotá,Bogotá,Urbana,Música,Empresarial
Mujer,Ninguno,No,Ninguna de las anteriores,Huila,Neiva,Urbana,Música,Educación
Mujer,Ninguno,No,Ninguna de las anteriores,Huila,Neiva,Urbana,Música,Representación artística
Hombre,Ninguno,No,Campesino,HUILA,NEIVA,Urbana,Música,Representación artística
Hombre,Ninguno,No,Ninguno,HUILA,NEIVA,Urbana,Música,Educación
Hombre,Ninguno,No,Ninguna de las anteriores,Huila,Neiva,Urbana,Música,Creación
Mujer,Ninguno,No,Ninguna de las anteriores,Huila,Neiva,Urbana,Música,Gestión Cultural
Mujer,Ninguno,No,Mujer,Huila,Neiva,Urbana,Música,Educación
Hombre,Ninguno,No,Ninguna de las anteriores,Huila,Neiva,Urbana,Música,Representación artística
Hombre,Ninguno,No,Ninguna de las anteriores,Huila,Neiva,Urbana,Música,Representación artística
Hombre,Ninguno,No,Ninguna de las anteriores,Huila,Neiva,Urbana,Música,Representación artística
Hombre,Ninguno,No,Ninguna de las anteriores,Huila,Neiva,Urbana,Música,Representación artística
Hombre,Ninguno,No,Ninguna de las anteriores,Huila,Neiva,Urbana,Música,Formación
Hombre,No,Si,No,HUILA,NEIVA,Urbana,Música,Representación artística
Hombre,No,No,No,HUILA,NEIVA,Urbana,Música,Representación artística
Hombre,No,Si,victima del conflicto armado,HUILA,NEIVA,Urbana,Música,Representación artística
Hombre,Ninguno,No,Campesino,HUILA,NEIVA,Urbana,Música,Representación artística
Hombre,Ninguno,No,Ninguna de las anteriores,Huila,Neiva,Urbana,Música,Formación
Hombre,Ninguno,No,,HUILA,NEIVA,Urbana,Música,Circulación
Hombre,Ninguno,No,Ninguna de las anteriores,Huila,Neiva,Urbana,Música,Representación artística
Hombre,Ninguno,No,Ninguna de las anteriores,Huila,Neiva,Urbana,Música,Creación
Mujer,Ninguno,No,Ninguna de las anteriores,Huila,Neiva,Urbana,Música,Representación artística
Hombre,Ninguno,No,Ninguna de las anteriores,Huila,Neiva,Urbana,Música,Gestión Cultural
Hombre,Indígena,No,Victima del conflicto armado,Huila,Neiva,Urbana,Música,Creación
Mujer,Ninguno,No,Mujer,Huila,Neiva,Urbana,Música,Educación
Mujer,,No,,HUILA,NEIVA,,Música,Creación
Hombre,Ninguno,No,Ninguna de las anteriores,Huila,Neiva,Urbana,Música,Empresarial
Hombre,Ninguno,No,Ninguna de las anteriores,Huila,Neiva,Urbana,Música,Formación
Hombre,Ninguno,No,Ninguna de las anteriores,Huila,Neiva,Urbana,Música,Representación artística
Hombre,,no,,HUILA,NEIVA,,Música,Gestión Cultural
Hombre,,no,,HUILA,NEIVA,,Música,Formación
Hombre,Ninguno,No,Campesino,HUILA,NEIVA,Urbana,Música,Representación artística
Hombre,Ninguno,No,Ninguna de las anteriores,Huila,Neiva,Urbana,Música,Formación
Hombre,Ninguno,No,Ninguna de las anteriores,Huila,Neiva,Urbana,Música,Creación
Hombre,NO,No,NO,HUILA,NEIVA,,Música,Gestión Cultural
Hombre,Ninguno,No,Campesino,HUILA,NEIVA,Urbana,Música,Representación artística
Hombre,Ninguno,No,Ninguna de las anteriores,Huila,Neiva,Urbana,Música,Representación artística
Hombre,Ninguno,No,Ninguna de las anteriores,Huila,Neiva,Urbana,Música,Representación artística
Hombre,Ninguno,No,Ninguna de las anteriores,Huila,Neiva,Urbana,Música,Educación
Hombre,Ninguno,No,Ninguna de las anteriores,Huila,Neiva,Urbana,Música,Representación artística
Hombre,Ninguno,No,Ninguna de las anteriores,Huila,Neiva,Urbana,Música,Gestión Cultural
Hombre,,No,,HUILA,NEIVA,,Música,Empresarial
Hombre,NO,NO,NO,HUILA,NEIVA,,Música,Gestión Cultural
Hombre,Ninguno,No,Ninguna de las anteriores,Huila,Neiva,Urbana,Música,Gestión Cultural
Hombre,Ninguno,No,Ninguna de las anteriores,Huila,Neiva,Urbana,Música,Representación artística
Hombre,Ninguno,Si,Ninguna de las anteriores,Huila,Neiva,Urbana,Música,Creación
Hombre,Ninguno,No,Campesino,HUILA,NEIVA,Urbana,Música,Representación artística
Mujer,Ninguno,No,Mujer,Huila,Neiva,Urbana,Música,Representación artística
Mujer,Ninguno,Si,LGBTI,Huila,Neiva,Urbana,Música,Representación artística
Hombre,Ninguno,No,Ninguna de las anteriores,Huila,Neiva,Urbana,Música,Formación
Hombre,,No,,HUILA,NEIVA,,Música,Empresarial
Hombre,Ninguno,No,Victima del conflicto armado,Huila,Neiva,Urbana,Música,Educación
Mujer,NO,No,NO,HUILA,NEIVA,,Música,Gestión Cultural
Hombre,Ninguno,No,Campesino,HUILA,NEIVA,Urbana,Música,Representación artística
Hombre,Negro Raizal o Palenquero,No,NINGUNO,HUILA,NEIVA,,Música,Representación artística
Hombre,Negro Raizal o Palenquero,No,NINGUNO,HUILA,NEIVA,,Música,Representación artística
Hombre,Negro Raizal o Palenquero,Si,NINGUNO,HUILA,NEIVA,,Música,Representación artística
Hombre,Ninguno,No,Ninguna de las anteriores,Huila,Neiva,Urbana,Música,Gestión Cultural
Hombre,Ninguno,No,Victima del conflicto armado,Huila,Neiva,Urbana,Música,Representación artística
Hombre,Ninguno,No,Ninguna de las anteriores,Huila,Neiva,Urbana,Música,Gestión Cultural
Hombre,Negro Raizal o Palenquero,Si,NINGUNO,HUILA,NEIVA,,Música,Representación artística
Hombre,Ninguno,No,Ninguna de las anteriores,Huila,Neiva,Rural,Música,Representación artística
Hombre,Ninguno,No,Ninguna de las anteriores,Huila,Neiva,Urbana,Música,Gestión Cultural
Hombre,Ninguno,No,Campesino,HUILA,NEIVA,Urbana,Música,Representación artística
Hombre,No,No,NINGUNO,HUILA,NEIVA,Urbana,Música,Representación artística
Hombre,Ninguno,Si,Ninguna de las anteriores,Huila,Neiva,Rural,Música,Representación artística
Hombre,No,No,NINGUNO,HUILA,NEIVA,Urbana,Música,Creación
Mujer,No,No,NINGUNO,HUILA,NEIVA,Urbana,Música,Gestión Cultural
Mujer,No,No,NINGUNO,HUILA,NEIVA,,Música,Educación
Hombre,Ninguno,No,NINGUNO,HUILA,NEIVA,Urbana,Música,Representación artística
Mujer,Ninguno,No,NINGUNO,HUILA,NEIVA,Urbana,Música,Formación
Mujer,Ninguno,No,Ninguna de las anteriores,Huila,Neiva,Urbana,Música,Representación artística
Mujer,Ninguno,No,NINGUNO,HUILA,NEIVA,Urbana,Música,Formación
Hombre,Ninguno,No,Ninguna de las anteriores,Huila,Neiva,Urbana,Música,Gestión Cultural
Hombre,Ninguno,No,Ninguna de las anteriores,Huila,Neiva,Urbana,Música,Creación
Hombre,Ninguno,No,No,HUILA,NEIVA,Urbana,Música,Representación artística
Hombre,Ninguno,No,Ninguna de las anteriores,Huila,Neiva,Urbana,Música,Representación artística
Hombre,No,No,Ninguno,HUILA,NEIVA,Urbana,Música,Representación artística
Hombre,Ninguno,No,Campesino,HUILA,NEIVA,Urbana,Música,Representación artística
Mujer,Ninguno,No,Mujer,Huila,Neiva,Urbana,Música,Representación artística
Hombre,Ninguno,No,Ninguna de las anteriores,Huila,Neiva,Urbana,Música,Representación artística
Hombre,Ninguno,No,No,HUILA,NEIVA,Urbana,Música,Empresarial
Hombre,Ninguno,No,Ninguna de las anteriores,Huila,Neiva,Urbana,Música,Gestión Cultural
Hombre,Ninguno,No,NINGUNO,HUILA,NEIVA,Urbana,Música,Circulación
Hombre,Ninguno,No,NINGUNO,HUILA,NEIVA,Urbana,Música,Circulación
Hombre,Ninguno,No,NINGUNO,RISARALDA,PEREIRA,Urbana,Música,Circulación
Mujer,Ninguno,No,Mujer,Huila,Neiva,Urbana,Música,Circulación
Hombre,Ninguno,No,no,HUILA,NEIVA,Urbana,Música,Circulación
Hombre,Negro,No,ninguno,HUILA,NEIVA,Urbana,Música,Circulación
Hombre,NO,No,NINGUNO,HUILA,NEIVA,Urbana,Música,Creación
Hombre,NO,No,Victima del Cnflicto,HUILA,NEIVA,Urbana,Música,Circulación
Hombre,Ninguno,No,Ninguna de las anteriores,Huila,Neiva,Urbana,Música,Formación
Hombre,Ninguno,No,Ninguna de las anteriores,Huila,Neiva,Urbana,Música,Gestión Cultural
Hombre,Ninguno,No,Campesino,HUILA,NEIVA,Urbana,Música,Representación artística
Hombre,Ninguno,No,Ninguna de las anteriores,Huila,Neiva,Urbana,Música,Creación
Hombre,NO,No,No,HUILA,NEIVA,Urbana,Música,Circulación
Hombre,Ninguno,No,Campesino,Huila,Neiva,Urbana,Música,Representación artística
Hombre,Ninguno,No,Campesino,HUILA,NEIVA,Urbana,Música,Representación artística
Hombre,Ninguno,No,Ninguna de las anteriores,Huila,Neiva,Urbana,Música,Representación artística
Hombre,NO,No,no,HUILA,NEIVA,Urbana,Música,Circulación
Hombre,Ninguno,No,Ninguna de las anteriores,Huila,Neiva,Urbana,Música,Representación artística
Hombre,Ninguno,No,Ninguna de las anteriores,Huila,Neiva,Urbana,Música,Formación
Hombre,Ninguno,No,Campesino,Huila,Neiva,Urbana,Música,Representación artística
Mujer,NO,No,Mujer cabeza de hogar,HUILA,NEIVA,Urbana,Música,Circulación
Hombre,Ninguno,No,Ninguna de las anteriores,Huila,Neiva,Urbana,Música,Gestión Cultural
Hombre,ninguno,No,No,Huila,Neiva,Urbana,Música,Circulación
Hombre,Ninguno,No,Ninguna de las anteriores,Huila,Neiva,Urbana,Música,Circulación
Hombre,Ninguno,No,Ninguna de las anteriores,Huila,Neiva,Urbana,Música,Empresarial
Mujer,Ninguno,No,Ninguna de las anteriores,Huila,Neiva,Urbana,Música,Representación artística
Hombre,Ninguno,No,Campesino,Huila,Neiva,Urbana,Música,Gestión Cultural
Hombre,Ninguno,No,Ninguna de las anteriores,Huila,NEIVA,Urbana,Música,Formación
Hombre,Ninguno,No,Ninguna de las anteriores,Huila,NEIVA,Urbana,Música,Formación y Educación
Mujer,Ninguno,No,Ninguna de las anteriores,Huila,Neiva,Urbana,Música,Formación
Mujer,No,No,Ninguna de las anteriores,Huila,Neiva,Urbana,Música,Formación
Mujer,Ninguno,No,Ninguna de las anteriores,Huila,NEIVA,Urbana,Música,Formación
Mujer,Ninguno,No,Ninguna de las anteriores,Huila,Neiva,Urbana,Música,Gestión Cultural
Mujer,No,No,Ninguna de las anteriores,Huila,NEIVA,Urbana,Música,Creación
Hombre,No,No,Ninguna de las anteriores,Huila,NEIVA,Urbana,Música,Creación
Hombre,No,No,Ninguna de las anteriores,Huila,Neiva,Urbana,Música,Formación
Hombre,No,No,Ninguna de las anteriores,Huila,Neiva,Urbana,Música,Formación
Hombre,Ninguno,No,Ninguna de las anteriores,Huila,Neiva,Urbana,Música,Formación
Mujer,Ninguno,No,Ninguna de las anteriores,Huila,Neiva,Urbana,Música,Formación
Hombre,Ninguno,No,Ninguna de las anteriores,Huila,Neiva,Urbana,Música,Formación
Hombre,Ninguno,No,Ninguna de las anteriores,Huila,NEIVA,Urbana,Música,Formación
Hombre,Ninguno,No,Ninguna de las anteriores,Huila,Neiva,Urbana,Música,Formación
HOMBRE,NO,NO,NO,HUILA,NEIVA,Urbana,MUSICO,CANTANTE
Hombre,Negro Raizal o Palenquero,No,NINGUNO,HUILA,NEIVA,,MUSICO,Formación
Hombre,NO,No,,HUILA,NEIVA,Rural,MUSICO,CULTURA
Hombre,Ninguno,No,Ninguna de las anteriores,HUILA,NEIVA,Urbana,Musico,Talleres
Hombre,Ninguno,No,Ninguna de las anteriores,Huila,Neiva,Urbana,Musico,Formación
Hombre,Ninguno,No,Ninguna de las anteriores,Hiula,Neiva,Urbana,Musico,Gestión Cultural
Hombre,No,No,Ninguna de las anteriores,Huila,NEIVA,Urbana,Musico,Formación
Hombre,No,No,Ninguna de las anteriores,Huila,NEIVA,Urbana,Musico,Formación
Hombre,NO,,,HUILA,NEIVA,,Musico,Formación
Hombre,NO APLICA,NO,NO,HUILA,NEIVA,Urbana,MÚSICO,Gestión Cultural
Hombre,NO APLICA,No,DESPLAZADO,HUILA,NEIVA,Urbana,MÚSICO,Gestión Cultural
Hombre,NO APLICA,No,NO,HUILA,NEIVA,Urbana,MÚSICO,GESTOR CULTURAL
Hombre,NO APLICA,SI,NO,HUILA,NEIVA,Urbana,MÚSICO,Gestión Cultural
Hombre,NO APLICA,NO,NO,HUILA,NEIVA,Urbana,MÚSICO,Gestión Cultural
Hombre,NO,No,NO,HUILA,NEIVA,Urbana,MÚSICO,GESTOR CULTURAL
Hombre,NO,No,NO,HUILA,NEIVA,Urbana,MUSICA,Gestión Cultural
Hombre,,,,HUILA,NEIVA,,MUSICA,
Hombre,Ninguno,No,Campesino,HUILA,NEIVA,Urbana,Musica,Representación artística
Hombre,Ninguno,No,Ninguna de las anteriores,Huila,Neiva,Urbana,Musica,Formación y Educación
Hombre,Negro Raizal o Palenquero,No,NINIGUNO,HUILA,NEIVA,,Musica,Formación
Hombre,NO,NO,NO,HUILA,NEIVA,,MUSICAL,CANTANTE
Hombre,,,,huila,Aipe,,MUSICAL,presentador de eventos y cantante
Mujer,NO,NO,NO,HUILA,NEIVA,,MUSICAL,CANTANTE
Hombre,Ninguno,No,Ninguna de las anteriores,Huila,Neiva,Urbana,Música - Artes Dramaticas - Artes Plasticas,Gestor Cultural
Hombre,Ninguno,No,Ninguna de las anteriores,Huila,NEIVA,Urbana,"Musica, Artes Plasticas y Artes Audivisuales",Formación y Educación
Hombre,NO,No,NO,HUILA,NEIVA,Urbana,musica-emulo,Creación
Mujer,NO APLICA,NO,NO,HUILA,NEIVA,Urbana,MÚSICA-TOCA GUITARRA. CANTA- BAILA,Gestión Cultural
Hombre,NO,No,NO,HUILA,CAMPOALEGRE,Urbana,Musico - Artesanía,Creación
Hombre,Ninguno,No,Ninguna de las anteriores,Huila,NEIVA,Urbana,Musico - Gestor Cultural,Creación y Formación
Hombre,NO,Si,NO,HUILA,NEIVA,Urbana,Musico (Cantautor - Artesano - Carrocero),Creación
Hombre,Ninguno,No,,Huila,NEIVA,Urbana,Musico (Comparsa),Formación
Hombre,NO,No,No,HUILA,NEIVA,Urbana,Musico (Orquesta Grupo Bache),Creación Cultural
Hombre,NO APLICA,No,DESPLAZADO,HUILA,NEIVA,Rural,MÚSICO CANANTE GUITARRISTA,GESTOR CULTURAL
Hombre,Ninguno,No,No,Huila,Neiva,Urbana,Musico Percusionista,Gestor Cultural
Hombre,NO APLICA,No,NO,HUILA,NEIVA,Urbana,MUSICO(ACORDENONERO-PIANISTA),Gestión Cultural
Hombre,NO APLICA,NO,DESPLAZADO,HUILA,NEIVA,Urbana,MUSICO(CANTA AUTOR),Gestión Cultural
Hombre,NO APLICA,SI-CORAZON,NO,HUILA,NEIVA,Rural,MUSICO(CANTANTE- GUITARRISTA),GESTOR CULTURAL
Mujer,NO APLICA,NO,NO,HUILA,NEIVA,Urbana,MÚSICO-ELABORA INSTRUMENTOS,Gestión Cultural
Hombre,Ninguno,No,Ninguna de las anteriores,Huila,Neiva,Urbana,Teatro,Gestión Cultural
Hombre,Ninguno,No,NO,HUILA,NEIVA,Rural,Teatro,Representación artística
Hombre,Ninguno,No,Ninguna de las anteriores,Huila,Neiva,Urbana,Teatro,Creación
Mujer,Ninguno,No,LGBTI,Huila,Neiva,Urbana,Teatro,Gestión Cultural
Mujer,Ninguno,No,Mujer,Huila,Neiva,Urbana,Teatro,Representación artística
Hombre,Ninguno,No,LGBTI,Huila,Neiva,Urbana,Teatro,Educación
Mujer,NO,No,NO,HUILA,NEIVA,Urbana,TEATRO,"gestor cultural, educaciòn, creacion, circulaciòn  representacion artisica"
Hombre,Ninguno,No,Ninguna de las anteriores,Huila,Neiva,Urbana,Teatro,Empresarial
Hombre,NO,No,VICTIMA DEL CONFLICTO ARMADO,Huila,Neiva,Urbana,Teatro,Gestión Cultural
Hombre,Ninguno,No,Ninguna de las anteriores,Huila,Neiva,Urbana,Teatro,Formación
Hombre,NO,NO,NO,HUILA,NEIVA,Urbana,TEATRO,Formación
Hombre,Negro afrodecendientes Raizal o Palenquero,No,Ninguna de las anteriores,Huila,Neiva,Urbana,Teatro,Representación artística
Hombre,Ninguno,No,Ninguna de las anteriores,Huila,Neiva,Urbana,Teatro,Gestión Cultural
Hombre,Ninguno,No,Ninguna de las anteriores,Huila,Neiva,Urbana,Teatro,Formación
Hombre,Ninguno,No,Ninguna de las anteriores,Huila,Neiva,Urbana,Teatro,Creación
Hombre,Ninguno,No,Ninguna de las anteriores,Huila,Neiva,Urbana,Teatro,Formación
Hombre,Ninguno,No,Ninguna de las anteriores,Huila,Neiva,Urbana,Teatro,Creación
Hombre,Ninguno,No,Ninguna de las anteriores,Huila,Neiva,Urbana,Teatro,Representación artística
Hombre,Ninguno,No,Ninguna de las anteriores,Huila,Neiva,Urbana,Teatro,Creación
Hombre,NO,NO,NO,HUILA,NEIVA,Urbana,TEATRO,"docente instructor, director, actor gestor cultural"
Hombre,Ninguno,No,No,Huila,Neiva,,Teatro,Creación
Hombre,Ninguno,Si,Ninguna de las anteriores,Huila,Neiva,Rural,Teatro,Representación artística
Mujer,Ninguno,No,Ninguna de las anteriores,Huila,Neiva,Urbana,Teatro,Creación
Mujer,Ninguno,No,No,HUILA,NEIVA,Urbana,TEATRO,creacion y formacion
Hombre,Ninguno,No,Ninguna de las anteriores,Huila,Neiva,Urbana,Teatro,Creación
Mujer,Ninguno,Si,No,HUILA,NEIVA,Urbana,TEATRO,"Creación, formaciòn, gestion cultural"
Mujer,Ninguno,No,Ninguna de las anteriores,Huila,Neiva,Urbana,Teatro,Creación
Mujer,Ninguno,No,Ninguna de las anteriores,Huila,Neiva,Urbana,Teatro,Gestión Cultural
Mujer,Ninguno,No,Ninguna de las anteriores,Huila,Neiva,Urbana,Teatro,Creación
Hombre,Ninguno,No,No,HUILA,NEIVA,Urbana,TEATRO,Formación
Mujer,NO,NO,NO,HUILA,NEIVA,,TEATRO,creacion y formacion
Mujer,Ninguno,No,Ninguna de las anteriores,Huila,Neiva,Urbana,Teatro,Representación artística
Hombre,Ninguno,No,victima del conflicto armado,Huila,Neiva,,Teatro,Educación
Mujer,Ninguno,No,Mujer,Huila,Neiva,Urbana,Teatro,Gestión Cultural
Hombre,Ninguno,No,Ninguna de las anteriores,Huila,Neiva,Urbana,Teatro,Representación artística
Hombre,Ninguno,Si,Ninguna de las anteriores,Huila,Neiva,Urbana,Teatro,Gestión Cultural
Hombre,Ninguno,No,Ninguna de las anteriores,Huila,Neiva,Urbana,Teatro,Gestión Cultural
Mujer,Ninguno,No,NO,HUILA,NEIVA,Urbana,Teatro.,Creación
Hombre,NO,No,Restitución de Tierras,HUILA,NEIVA,,Teatro.,Representación artística
Hombre,Rrom,NO,NO,HUILA,NEIVA,,Teatro.,Gestión Cultural
Mujer,N/A,N/A,N/A,HUILA,NEIVA,,Teatro.,Gestión Cultural
Hombre,N/A,N/A,N/A,HUILA,NEIVA,,Teatro.,Gestión Cultural
Mujer,Ninguno,No,No,HUILA,NEIVA,Urbana,Teatro.,Educación
Hombre,NO,No,NO,HUILA,NEIVA,,Teatro.,Gestión Cultural
Hombre,Negro Raizal o Palenquero,No,NINGUNO,HUILA,NEIVA,Urbana,Teatro.,Gestión Cultural
Hombre,Negro Raizal o Palenquero,No,NINGUNO,HUILA,NEIVA,,Teatro.,Gestión Cultural
Mujer,NO,No,No,HUILA,NEIVA,Urbana,Teatro.,Circulación
Mujer,Ninguno,No,,Huila,Neiva,Urbana,Arte Dramatico,Directora Artistica y Gestora cultura
Hombre,Ninguno,No,Ninguno de las anteriores,Huila,Neiva,Urbana,Arte Dramatico,Formacion
Hombre,Ninguno,Si,Ninguna de las anteriores,Huila,Neiva,Urbana,Artes visuales,Gestión Cultural
Hombre,Ninguno,No,Ninguna de las anteriores,Huila,Neiva,Urbana,Artes visuales,Creación
Mujer,Ninguno,No,Mujer,Huila,Neiva,Urbana,Artes visuales,Creación
Hombre,Ninguno,No,Ninguna de las anteriores,Huila,Neiva,Urbana,Artes visuales,Creación
Hombre,Ninguno,No,Ninguna de las anteriores,Huila,Neiva,Urbana,Artes visuales,Creación
Mujer,Ninguno,No,Ninguna de las anteriores,Huila,Neiva,Urbana,Artes visuales,Creación
Mujer,NO,No,NO,HUILA,NEIVA,Urbana,Artes visuales,Formación
Hombre,NO,No,NO,HUILA,NEIVA,Urbana,Artes visuales,Educación - Creacion
Hombre,Ninguno,No,Barrismo social,Huila,Neiva,Urbana,Artes visuales,Circulación
Hombre,Ninguno,Si,Ninguna de las anteriores,Huila,Neiva,Urbana,Artes visuales,Creación
Hombre,Ninguno,No,Ninguna de las anteriores,Huila,Neiva,Urbana,Artes visuales,Gestión Cultural
Hombre,Ninguno,No,Ninguna de las anteriores,Huila,Neiva,Urbana,Artes visuales,Creación
Hombre,Ninguno,No,Ninguna de las anteriores,Huila,Neiva,Urbana,Artes visuales,Creación
Hombre,Ninguno,No,Ninguna de las anteriores,Huila,Neiva,Urbana,Artes visuales,Gestión Cultural
Hombre,Ninguno,No,No,HUILA,NEIVA,Urbana,Artes visuales,Representación artística
Hombre,Ninguno,No,Ninguna de las anteriores,Huila,Neiva,Urbana,Artes visuales,Creación
Hombre,Ninguno,No,Ninguna de las anteriores,Huila,Neiva,Urbana,Artes visuales,Creación
Hombre,Ninguno,No,Ninguna de las anteriores,Huila,Neiva,Urbana,Artes visuales,Creación
Hombre,Ninguno,No,Ninguna de las anteriores,Huila,Neiva,Urbana,Artes visuales,Creación
Hombre,Ninguno,No,Victima del conflicto armado,Huila,Neiva,Urbana,Artes visuales,Formación
Hombre,Ninguno,No,Ninguna de las anteriores,Huila,Neiva,Urbana,Artes visuales,Empresarial
Hombre,Ninguno,No,Ninguna de las anteriores,Huila,Neiva,Urbana,Artes visuales,Gestión Cultural
Hombre,Ninguno,No,No,HUILA,NEIVA,Urbana,Artes visuales,Empresarial
Mujer,Ninguno,No,Ninguna de las anteriores,Huila,Neiva,Urbana,Artes visuales,Creación
Hombre,Ninguno,No,Ninguna de las anteriores,Huila,Neiva,Urbana,Artes visuales,Creación
Mujer,Ninguno,No,Mujer,Huila,Neiva,Urbana,Artes visuales,Circulación
Mujer,Ninguno,si,no,HUILA,NEIVA,,Artes visuales,Creación
Mujer,Ninguno,No,Ninguna de las anteriores,Huila,Neiva,Urbana,Artes visuales,Creación
Hombre,Ninguno,No,Ninguna de las anteriores,Huila,Neiva,Urbana,Artes visuales,Creación
Hombre,Ninguno,No,Ninguna de las anteriores,Huila,Neiva,Urbana,Artes visuales,Gestión Cultural
Mujer,NO APLICA,NO,NO,HUILA,NEIVA,Urbana,Artes visuales,Creación
Hombre,Ninguno,No,Ninguna de las anteriores,Huila,Neiva,Urbana,Artes visuales,Formación
Hombre,Ninguno,No,Ninguna de las anteriores,Huila,Neiva,Urbana,Artes visuales,Formación
Mujer,Ninguno,No,Victima del conflicto armado,Huila,Neiva,Urbana,Artes visuales,Gestión Cultural
Hombre,NO,Si,NO,HUILA,NEIVA,Urbana,Artesanía,Gestión Cultural
Hombre,NO,SI,NO,HUILA,NEIVA,Urbana,Artesanía,Creación
Mujer,Ninguno,No,Ninguna de las anteriores,Huila,Neiva,Urbana,Artesanía,Creación
Mujer,Negro Raizal o Palenquero,No,No,HUILA,NEIVA,Urbana,Artesanía,Empresarial
Mujer,Ninguno,No,Mujer,Huila,Neiva,Urbana,Artesanía,Creación
Mujer,No,No,No,HUILA,NEIVA,Urbana,Artesanía,Representación artística
Hombre,Ninguno,No,Ninguna de las anteriores,Huila,Neiva,Urbana,Artesanía,Gestión Cultural
Mujer,Ninguno,No,Ninguna de las anteriores,Huila,Neiva,Urbana,Artesanía,Gestión Cultural
Mujer,Ninguno,No,Mujer,Huila,Neiva,Urbana,Artesanía,Gestión Cultural
Mujer,Ninguno,No,Ninguna de las anteriores,Huila,Neiva,Urbana,Artesanía,Creación
Mujer,NO APLICA,No,NO,HUILA,NEIVA,Urbana,Artesanía,GESTOR CULTURAL
Mujer,Ninguno,No,Mujer,Huila,Neiva,Urbana,Artesanía,Gestión Cultural
Mujer,Ninguno,No,Ninguna de las anteriores,Huila,Neiva,Urbana,Artesanía,Creación
Hombre,Ninguno,No,Ninguna de las anteriores,Huila,Neiva,Urbana,Artesanía,Representación artística
Mujer,NO,No,no,HUILA,NEIVA,Urbana,Artesanía,Creación
Hombre,Ninguno,Si,Ninguna de las anteriores,Huila,Neiva,Urbana,Artesanía,Creación
Hombre,Ninguno,No,Ninguna de las anteriores,Huila,Neiva,Urbana,Artesanía,Creación
Mujer,Ninguno,No,Ninguna de las anteriores,Huila,Neiva,Urbana,Artesanía,Creación
Mujer,NO,No,NO,HUILA,NEIVA,Urbana,Artesanía,Gestión Cultural
Hombre,Ninguno,Si,Ninguna de las anteriores,Huila,Neiva,Urbana,Artesanía,Creación
Mujer,NO,No,NO,HUILA,NEIVA,Urbana,Artesanía,Creación
Mujer,Ninguno,No,Mujer,Huila,Neiva,Urbana,Artesanía,Formación
Mujer,Ninguno,No,Ninguna de las anteriores,Huila,Neiva,Urbana,Artesanía,Creación
Mujer,NO,No,NO,HUILA,NEIVA,Urbana,Artesanía,Creación
Mujer,NO,No,NO,HUILA,NEIVA,Urbana,Artesanía,Gestión Cultural
Hombre,Ninguno,No,Ninguna de las anteriores,Huila,Neiva,Urbana,Artesanía,Empresarial
Hombre,Ninguno,No,Ninguna de las anteriores,Huila,Neiva,Urbana,Artesanía,Creación
Mujer,Rrom o gitano,No,Mujer,Huila,Neiva,Urbana,Artesanía,Creación
Mujer,Ninguno,No,Mujer,Huila,Neiva,Urbana,Artesanía,Empresarial
Hombre,Ninguno,No,Ninguna de las anteriores,Huila,Neiva,Urbana,Artesanía,Circulación
Mujer,NO,No,NO,HUILA,NEIVA,Urbana,Artesanía,Creación
Hombre,NO,No,NO,HUILA,NEIVA,Urbana,Artesanía,Creación
Hombre,Ninguno,No,Ninguna de las anteriores,Huila,Neiva,Urbana,Artesanía,Creación
Hombre,NO,No,Desplazado,HUILA,NEIVA,Urbana,Artesanía,Creación
Hombre,Ninguno,No,Ninguna de las anteriores,Huila,Neiva,Urbana,Artesanía,Formación
Mujer,Ninguno,Si,Ninguna de las anteriores,Huila,Neiva,Urbana,Artesanía,Educación
Hombre,NO,No,NO,HUILA,NEIVA,Urbana,Artesanía,Educación
Mujer,NO,No,NO,HUILA,NEIVA,Urbana,Artesanía,Creación
Hombre,Ninguno,No,Ninguna de las anteriores,Huila,Neiva,Urbana,Artesanía,Gestión Cultural
Hombre,Ninguno,No,Ninguna de las anteriores,Huila,Neiva,Urbana,Artesanía,Creación
Mujer,NO,No,NO,HUILA,NEIVA,Urbana,Artesanía,Creación
Mujer,NO,No,Desplazado,HUILA,NEIVA,Urbana,Artesanía,Creación
Hombre,NO,Si,NINIGUNO,HUILA,NEIVA,Urbana,Artesanía,Creación
Hombre,Ninguno,No,Ninguna de las anteriores,Huila,Neiva,Urbana,Artesanía,Creación
Hombre,Ninguno,No,NINIGUNO,HUILA,NEIVA,Urbana,Artesanía,Creación
Hombre,Negro Raizal o Palenquero,No,NINIGUNO,HUILA,NEIVA,,Artesanía,Creación
Hombre,Negro Raizal o Palenquero,No,NINIGUNO,HUILA,NEIVA,,Artesanía,Representación artística
Mujer,Ninguno,No,Victima del conflicto armado,Huila,Neiva,Urbana,Artesanía,Creación
Hombre,Ninguno,No,Ninguna de las anteriores,Huila,Neiva,Urbana,Artesanía,Empresarial
Mujer,Ninguno,No,Ninguna de las anteriores,Huila,Neiva,Urbana,Artesanía,Creación
Hombre,otros,No,ninguno,HUILA,NEIVA,Urbana,Artesanía,Gestión Cultural
Hombre,Ninguno,no,Ninguno,HUILA,NEIVA,Urbana,Artesanía,Gestión Cultural
Hombre,No,No,No,HUILA,NEIVA,,Artesanía,Gestión Cultural
Hombre,No,No,victima conflicto armado,HUILA,NEIVA,,Artesanía,Gestión Cultural
Hombre,Ninguno,no,LGBTI,HUILA,NEIVA,,Artesanía,Gestión Cultural
Hombre,Rrom,No,NO,HUILA,NEIVA,,Artesanía,Gestión Cultural
Hombre,Ninguno,No,Ninguna de las anteriores,Huila,Neiva,Urbana,Artesanía,Creación
Hombre,Ninguno,No,Victima del conflicto armado,Huila,Neiva,Urbana,Artesanía,Creación
Hombre,indigenas,No,victima conflicto armado,HUILA,NEIVA,,Artesanía,Gestión Cultural
Hombre,Ninguno,No,Ninguno,HUILA,NEIVA,,Artesanía,Creación
Hombre,Ninguno,No,Ninguna de las anteriores,Huila,Neiva,Urbana,Artesanía,Gestión Cultural
Hombre,Negro Raizal o Palenquero,NO,NO,HUILA,NEIVA,,Artesanía,Gestión Cultural
Hombre,Rrom,NO,NO,HUILA,NEIVA,,Artesanía,Gestión Cultural
Hombre,Rrom,NO,NO,HUILA,NEIVA,,Artesanía,Gestión Cultural
Mujer,Ninguno,No,Ninguna de las anteriores,Huila,Neiva,Urbana,Artesanía,Creación
Mujer,Ninguno,No,Mujer,Huila,Neiva,Urbana,Artesanía,Creación
Hombre,Ninguno,No,No,HUILA,NEIVA,Urbana,Artesanía,Gestión Cultural
Mujer,Ninguno,No,No,HUILA,NEIVA,Rural,Artesanía,Gestión Cultural
Mujer,Ninguno,No,Mujer,Huila,Neiva,Urbana,Artesanía,Gestión Cultural
Mujer,Ninguno,No,No,HUILA,NEIVA,Urbana,Artesanía,Gestión Cultural
Mujer,Ninguno,No,No,HUILA,NEIVA,Urbana,Artesanía,Gestión Cultural
Mujer,Ninguno,No,Victima del conflicto armado,Huila,Neiva,Urbana,Artesanía,Creación
Mujer,Ninguno,No,No,HUILA,NEIVA,Urbana,Artesanía,Gestión Cultural
Hombre,Ninguno,Si,No,HUILA,NEIVA,Urbana,Artesanía,Creación
Hombre,Ninguno,No,No,HUILA,NEIVA,Urbana,Artesanía,Creación
Mujer,Ninguno,No,Mujer,Huila,Neiva,Urbana,Artesanía,Creación
Mujer,Ninguno,No,Victima del conflicto armado,Huila,Neiva,Urbana,Artesanía,Empresarial
Mujer,N/A,No,No,HUILA,NEIVA,Urbana,Artesanía,Empresarial
Mujer,Ninguno,No,No,HUILA,NEIVA,Urbana,Artesanía,Empresarial
Mujer,Ninguno,Si,VICTIMA DEL CONFLICTO,HUILA,NEIVA,Urbana,Artesanía,Empresarial
Mujer,Ninguno,No,No,HUILA,NEIVA,Urbana,Artesanía,Empresarial
Mujer,Ninguno,No,Mujer,Huila,Neiva,Urbana,Artesanía,Gestión Cultural
Mujer,Ninguno,No,No,HUILA,NEIVA,Urbana,Artesanía,Empresarial
Mujer,Ninguno,No,No,HUILA,NEIVA,Urbana,Artesanía,Empresarial
Mujer,Ninguno,No,Ninguna de las anteriores,Huila,Neiva,Urbana,Artesanía,Creación
Mujer,Negro afrodecendientes Raizal o Palenquero,No,Victima del conflicto armado,Huila,Neiva,Urbana,Artesanía,Creación
Mujer,N/A,No,NO,HUILA,NEIVA,Urbana,Artesanía,Empresarial
Mujer,N/A,No,NO,HUILA,NEIVA,Urbana,Artesanía,Educación
Mujer,N/A,No,NO,HUILA,NEIVA,Urbana,Artesanía,Empresarial
Mujer,No,No,No,HUILA,NEIVA,Urbana,Artesanía,Creación
Mujer,Ninguno,No,Victima del conflicto armado,Huila,Neiva,Urbana,Artesanía,Creación
Hombre,Ninguno,No,Ninguna de las anteriores,Huila,Neiva,Urbana,Artesanía,Gestión Cultural
Mujer,Ninguno,No,Mujer,Huila,Neiva,Urbana,Artesanía,Empresarial
Mujer,Ninguno,No,LGBTI,Huila,Neiva,Urbana,Artesanía,Creación
Mujer,Ninguno,No,Ninguna de las anteriores,Huila,Neiva,Urbana,Artesanía,Creación
Mujer,Ninguno,No,Mujer,Huila,Neiva,Urbana,Artesanía,Gestión Cultural
Mujer,,No,,HUILA,NEIVA,,Artesanía,Formación
Hombre,Ninguno,No,Ninguna de las anteriores,Huila,Neiva,Urbana,Artesanía,Empresarial
Hombre,Negro Raizal o Palenquero,No,NINGUNO,HUILA,NEIVA,,Artesanía,Representación artística
Mujer,Indígena,Si,Ninguna de las anteriores,Huila,Neiva,Rural,Artesanía,Empresarial
Mujer,No,No,Desplazados,HUILA,NEIVA,Urbana,Artesanía,Creación
Mujer,Ninguno,No,Victima del conflicto armado,Huila,Neiva,Rural,Artesanía,Creación
Hombre,Ninguno,Si,Barrismo social,Huila,Neiva,Urbana,Artesanía,Formación
Hombre,,,,HUILA,NEIVA,,Artesanía,Creación
Mujer,NO,No,No,HUILA,Tello,Urbana,Artesanía,Creación
Hombre,Ninguno,No,Ninguna de las anteriores,Huila,Neiva,Urbana,Artesanía,Investigación
Mujer,NO,No,DESPLAZADA,HUILA,NEIVA,Urbana,Artesanía,Empresarial
Hombre,Ninguno,No,Ninguna de las anteriores,Huila,Neiva,Urbana,Artesanía,Creación
Hombre,NO,No,LGBTI,HUILA,NEIVA,Urbana,Artesanía,Empresarial
Hombre,NO,No,No,HUILA,NEIVA,Urbana,Artesanía,Empresarial
Hombre,Ninguno,No,Ninguna de las anteriores,Huila,Neiva,Urbana,Artesanía,Creación
Mujer,N/A,No,Ninguna de las anteriores,Huila,NEIVA,Urbana,Artesanía,Formación y Creación
Hombre,,,,HUILA,NEIVA,,ARTESANO,Creación
Hombre,Ninguno,No,No,Huila,Neiva,Urbana,Artesano,Gestor Cultural
Hombre,,,,HUILA,NEIVA,,Artesano,Creación
Hombre,NO,,,HUILA,NEIVA,,ARTESANA,CULTURA
Mujer,No,No,NO,HUILA,Neiva,Urbana,Artesana,Trasnision Local
Mujer,Ninguno,No,Ninguna de las anteriores,Huila,NEIVA,Urbana,Artesania - Gestor Cultural,Creación y Formación
Mujer,Ninguno,No,Ninguna de las anteriores,Huila,Neiva,Urbana,Artesanía - Gestor Cultural,Creación y Formación
Mujer,NO,NO,NO,HUILA,NEIVA,Urbana,ARTESANIA(PERSONALIZACION PRODUCTOS),Gestión Cultural
Hombre,NO APLICA,SI-CAMBIO VALBULA,VICTIMA,HUILA,NEIVA,Urbana,ARTESANIA-ARREGLOS FLORALES,Empresarial
Mujer,NO,No,VICTIMAFLICTO CO,HUILA,NEIVA,Urbana,Artesanía-bordados,Creación
Hombre,NO APLICA,NO,NO,HUILA,NEIVA,Urbana,ARTESANIAS-MUEBLES  DE MIMBRE,GESTOR CULTURAL
Hombre,NO,No,NO,HUILA,NEIVA,Urbana,ARTESANO MIMBRE,ARTESANO
Hombre,NO,No,NO,Huila,Neiva,Urbana,Cine,Educación
Hombre,Ninguno,No,Ninguna de las anteriores,Huila,Neiva,Urbana,Cine,Creación
Mujer,Ninguno,No,Ninguna de las anteriores,Huila,Neiva,Urbana,Cine,Creación
Hombre,Ninguno,No,Ninguna de las anteriores,Huila,Neiva,Urbana,Cine,Gestión Cultural
Hombre,Ninguno,No,Ninguna de las anteriores,Huila,Neiva,Urbana,Cine,Creación
Hombre,Ninguno,no,Ninguno,HUILA,NEIVA,,Cine,Gestión Cultural
Hombre,Ninguno,No,Ninguna de las anteriores,Huila,Neiva,Urbana,Cine,Creación
Hombre,Ninguno,No,Ninguna de las anteriores,Huila,Neiva,Urbana,Cine,Creación
Mujer,Ninguno,No,Ninguna de las anteriores,Huila,Neiva,Urbana,Cine,Representación artística
Hombre,Ninguno,No,Ninguna de las anteriores,Huila,Neiva,Urbana,Cine,Empresarial
Hombre,Ninguno,No,No,Huila,Argentina,Urbana,Circo,Representación artística
Hombre,Ninguno,No,No,Huila,Villavieja,Urbana,Circo,Representación artística
Hombre,Ninguno,No,No,Huila,Argentina,Urbana,Circo,Representación artística
Hombre,Ninguno,No,No,Huila,Hobo,Urbana,Circo,Músico percusionista
Hombre,Indígena,No,Ninguna de las anteriores,Huila,Neiva,Urbana,Circo,Creación
Hombre,Ninguno,Si,Ninguna de las anteriores,Huila,Neiva,Urbana,Circo,Circulación
Hombre,Ninguno,Si,Ninguna de las anteriores,Huila,Neiva,Urbana,Circo,Empresarial
Mujer,Ninguno,No,Ninguna de las anteriores,Huila,Neiva,Urbana,Circo,Representación artística
Mujer,Ninguno,No,Ninguna de las anteriores,Huila,Neiva,Urbana,Circo,Representación artística
Hombre,Ninguno,No,Ninguna de las anteriores,Huila,Neiva,Urbana,Circo,Representación artística
Hombre,Ninguno,No,Ninguna de las anteriores,Huila,Neiva,Urbana,Circo,Representación artística
Hombre,Ninguno,No,Ninguna de las anteriores,Huila,Neiva,Urbana,Circo,Representación artística
Hombre,NO,No,No,Huila,Pitalito,,Circo,Representación artística
Hombre,Negro afrodecendientes Raizal o Palenquero,No,Ninguna de las anteriores,Huila,Neiva,Rural,Circo,Representación artística
Hombre,Ninguno,No,Ninguna de las anteriores,Huila,Neiva,Urbana,Circo,Creación
Hombre,Ninguno,No,Victima del conflicto armado,Huila,Neiva,Rural,Circo,Gestión Cultural
Hombre,Ninguno,No,Ninguna de las anteriores,Huila,Neiva,Urbana,Circo,Representación artística
Hombre,Ninguno,No,Ninguna de las anteriores,Huila,Neiva,Urbana,Circo,Creación
Hombre,NO,No,NO,Huila,JUNCAL,Rural,Circo,Circulación
Hombre,Ninguno,Si,Ninguna de las anteriores,Huila,Neiva,Urbana,Circo,Creación
Mujer,Ninguno,No,Mujer,Huila,Neiva,Urbana,Circo,Representación artística
Hombre,Ninguno,No,Ninguna de las anteriores,Huila,Neiva,Urbana,Circo,Gestión Cultural
Hombre,Ninguno,No,Ninguna de las anteriores,Huila,Neiva,Urbana,Circo,Creación
Mujer,Ninguno,No,Mujer,Huila,Neiva,Urbana,Circo,Representación artística
Hombre,Ninguno,No,Ninguna de las anteriores,Huila,Neiva,Urbana,Circo,Creación
Hombre,Ninguno,No,Ninguna de las anteriores,Huila,Neiva,Urbana,Circo,Representación artística
Hombre,Ninguno,No,Ninguna de las anteriores,Huila,Neiva,Urbana,Circo,Empresarial
Hombre,Ninguno,No,Ninguna de las anteriores,Huila,Neiva,Urbana,Circo,Empresarial
Hombre,NO,No,NO,HUILA,NEIVA,Urbana,Circo,Representación artística
Hombre,Ninguno,No,Ninguna de las anteriores,Huila,Neiva,Urbana,Circo,Creación
Hombre,Ninguno,No,Ninguna de las anteriores,Huila,Neiva,Urbana,Circo,Representación artística
Hombre,Ninguno,No,Ninguna de las anteriores,Huila,Neiva,Urbana,Circo,Formación
Mujer,NO,No,Desplazado,HUILA,NEIVA,Urbana,Circo,Representación artística
Mujer,Ninguno,No,Mujer,Huila,Neiva,Urbana,Circo,Creación
Hombre,Negro afrodecendientes Raizal o Palenquero,No,Ninguna de las anteriores,Huila,Neiva,Urbana,Circo,Creación
Hombre,Ninguno,No,No,Huila,Neiva,Urbana,Circo,Representación artística
Hombre,Ninguno,No,Ninguna de las anteriores,Huila,Neiva,Urbana,Circo,Gestión Cultural
Mujer,Ninguno,No,Ninguna de las anteriores,Huila,Neiva,Urbana,Circo,Representación artística
Mujer,Ninguno,No,No,Huila,Neiva,Urbana,Circo,Representación artística
Hombre,Ninguno,No,Ninguna de las anteriores,Huila,Neiva,Urbana,Circo,Gestión Cultural
Hombre,Ninguno,No,Ninguna de las anteriores,Huila,Neiva,Urbana,Circo,Representación artística
Mujer,Ninguno,No,No,Huila,Argentina,Urbana,Circo,Empresarial
Mujer,Ninguno,No,Ninguna de las anteriores,Huila,Neiva,Urbana,Circo,Creación
Hombre,Ninguno,No,Ninguna de las anteriores,Huila,Neiva,Urbana,Circo,Empresarial
Hombre,Ninguno,No,Ninguna de las anteriores,Huila,Neiva,Urbana,Circo,Creación
Hombre,Ninguno,No,Ninguna de las anteriores,Huila,Neiva,Urbana,Circo,Representación artística
Hombre,Ninguno,No,No,Huila,Pitalito,Urbana,Circo,Representación artística
Hombre,Ninguno,No,Ninguna de las anteriores,Huila,Neiva,Urbana,Circo,Representación artística
Hombre,Ninguno,No,Ninguna de las anteriores,Huila,Neiva,Urbana,Circo,Gestión Cultural
Mujer,Ninguno,No,Mujer,Huila,Neiva,Urbana,Circo,Representación artística
Hombre,Ninguno,No,LGBTI - Desplazado,Huila,Guadalupe,Urbana,Circo,Representación artística
Hombre,Ninguno,No,Ninguna de las anteriores,Huila,Neiva,Urbana,Circo,Gestión Cultural
Hombre,Ninguno,No,Ninguna de las anteriores,Huila,Neiva,Urbana,Circo,Representación artística
Hombre,Ninguno,No,Ninguna de las anteriores,Huila,Neiva,Urbana,Circo,Representación artística
Hombre,Ninguno,No,Ninguna de las anteriores,Huila,Neiva,Urbana,Circo,Representación artística
Hombre,Ninguno,No,Ninguna de las anteriores,Huila,Neiva,Urbana,Circo,Representación artística
Hombre,Ninguno,No,Ninguna de las anteriores,Huila,Neiva,Urbana,Circo,Educación
Hombre,Ninguno,No,Ninguna de las anteriores,Huila,Neiva,Urbana,Circo,Representación artística
Hombre,Ninguno,Si,Ninguna de las anteriores,Huila,Neiva,Urbana,Circo,Gestión Cultural
Hombre,Ninguno,No,No,Huila,Neiva,,Circo,Gestión Cultural
Hombre,Ninguno,Si,Ninguna de las anteriores,Huila,Neiva,Urbana,Circo,Gestión Cultural
Hombre,Ninguno,No,Campesino,Huila,Neiva,Rural,Circo,Representación artística
Hombre,Ninguno,No,Ninguna de las anteriores,Huila,Neiva,Urbana,Circo,Empresarial
Hombre,Ninguno,No,Ninguna de las anteriores,Huila,Neiva,Urbana,Circo,Gestión Cultural
Mujer,Ninguno,No,Ninguna de las anteriores,Huila,Neiva,Urbana,Circo,Empresarial
Hombre,Ninguno,No,No,Huila,Argentina,,Circo,Representación artística
Hombre,Ninguno,No,No,Huila,Garzón,,Circo,Empresarial
Mujer,Ninguno,No,No,Huila,Pitalito,,Circo,Representación artística
Mujer,Ninguno,No,Victima del conflicto armado,Huila,Neiva,Urbana,Circo,Creación
Hombre,,,,ERROR: #REF!,ERROR: #REF!,,Circo,
Hombre,Ninguno,No,No,Huila,pitalito,,Circo,Representación artística
Mujer,Ninguno,No,No,HUILA,PITALITO,Urbana,Circo,Representación artística
Hombre,Ninguno,Si,LGBTI,Huila,Neiva,Urbana,Circo,Representación artística
Hombre,Ninguno,No,No,HUILA,PITALITO,Urbana,Circo,Representación artística
Hombre,Ninguno,No,Ninguna de las anteriores,Huila,Neiva,Urbana,Circo,Creación
Hombre,Ninguno,No,Ninguna de las anteriores,Huila,Neiva,Urbana,Circo,Creación
Mujer,Indígena,No,Ninguna de las anteriores,Huila,Neiva,Urbana,Circo,Creación
Mujer,Ninguno,No,No,HUILA,NEIVA,Urbana,Circo,Creación
Hombre,Ninguno,No,Victima del conflicto armado,Huila,Neiva,Rural,Circo,Gestión Cultural
Mujer,Ninguno,No,Mujer,Huila,Neiva,Urbana,Circo,Representación artística
Mujer,Ninguno,No,Ninguna de las anteriores,Huila,Neiva,Urbana,Circo,Representación artística
Mujer,Ninguno,No,No,Huila,Neiva,Urbana,Circo,Creación
Mujer,Ninguno,No,No,Huila,Pitalito,Rural,Circo,Representación artística
Hombre,Ninguno,No,Ninguna de las anteriores,Huila,Neiva,Rural,Circo,Representación artística
Mujer,Ninguno,No,Ninguna de las anteriores,Huila,Neiva,Urbana,Circo,Empresarial
Mujer,Ninguno,No,Ninguna de las anteriores,Huila,Neiva,Urbana,Circo,Gestión Cultural
Mujer,Ninguno,No,Ninguna de las anteriores,Huila,Neiva,Urbana,Circo,Empresarial
Hombre,Ninguno,Si,Ninguna de las anteriores,Huila,Neiva,Rural,Circo,Representación artística
Hombre,Ninguno,No,Ninguna de las anteriores,Huila,Neiva,Urbana,Circo,Representación artística
Hombre,Ninguno,No,No,Huila,Pitalito,,Circo,Representación artística
Hombre,Ninguno,No,No,Huila,Neiva,,Circo,Formación
Mujer,Ninguno,No,Ninguna de las anteriores,Huila,Neiva,Urbana,Circo,Representación artística
Mujer,Ninguno,No,Ninguna de las anteriores,Huila,Neiva,Urbana,Circo,Creación
Hombre,Ninguno,No,Ninguna de las anteriores,Huila,Neiva,Urbana,Circo,Empresarial
Mujer,Ninguno,No,Ninguna de las anteriores,Huila,Neiva,Urbana,Circo,Empresarial
Hombre,Ninguno,No,Ninguna de las anteriores,Huila,Neiva,Urbana,Circo,Creación
Mujer,Ninguno,No,No,Huila,Pitalito,,Circo,Empresarial
Hombre,Ninguno,No,Victima del conflicto armado,Huila,Neiva,Urbana,Circo,Gestión Cultural
Hombre,Ninguno,Si,Ninguna de las anteriores,Huila,Neiva,Rural,Circo,Creación
Hombre,Ninguno,No,No,Huila,Agrado,,Circo,Representación artística
Hombre,Ninguno,No,No,Huila,Pitalito,,Circo,Representación artística
Hombre,Ninguno,No,Ninguna de las anteriores,Huila,Neiva,Rural,Circo,Gestión Cultural
Mujer,Ninguno,No,Ninguna de las anteriores,Huila,Neiva,Urbana,Circo,Representación artística
Hombre,Ninguno,No,No,Huila,Pitalito,,Circo,Representación artística
Hombre,Ninguno,No,Ninguna de las anteriores,Huila,Neiva,Urbana,Circo,Representación artística
Hombre,Ninguno,No,No,Huila,Neiva,Urbana,Circo,Gestión Cultural
Hombre,Ninguno,No,Ninguna de las anteriores,Huila,Neiva,Urbana,Circo,Creación
Hombre,Ninguno,No,Ninguna de las anteriores,Huila,Neiva,Urbana,Circo,Representación artística
Mujer,Ninguno,No,No,Huila,Neiva,Urbana,Circo,Representación artística
Hombre,Ninguno,No,Ninguna de las anteriores,Huila,Neiva,Urbana,Circo,Representación artística
Hombre,Ninguno,No,Ninguna de las anteriores,Huila,Neiva,Urbana,Circo,Creación
Hombre,Ninguno,No,Ninguna de las anteriores,Huila,Neiva,Urbana,Circo,Representación artística
Mujer,Ninguno,No,Mujer,Huila,Neiva,Urbana,Circo,Creación
Hombre,Ninguno,No,Ninguna de las anteriores,Huila,Neiva,Urbana,Circo,Representación artística
Mujer,Ninguno,No,Ninguna de las anteriores,Huila,Neiva,Urbana,Circo,Representación artística
Hombre,No,No,No,Huila,Neiva,Urbana,Circo,Circulación
Mujer,Ninguno,No,No,HUILA,NEIVA,Urbana,Circo,Gestor Cultural
Mujer,NO,No,no,HUILA,NEIVA,Urbana,Danza,Formación
Hombre,NO,Si,NO,HUILA,NEIVA,Urbana,Danza,Formación
Hombre,NO,No,POBLACIÓN VICTIMA DE LA VIOLENCIA,HUILA,NEIVA,Urbana,Danza,Formación
Hombre,Ninguno,No,Ninguna de las anteriores,Huila,Neiva,Urbana,Danza,Formación
Hombre,Ninguno,No,LGBTI,Huila,Neiva,Urbana,Danza,Formación
Mujer,Ninguno,No,Campesino,Huila,Neiva,Rural,Danza,Formación
Mujer,NO,No,NO,HUILA,NEIVA,Urbana,Danza,Formación
Hombre,Ninguno,No,Ninguna de las anteriores,Huila,Neiva,Urbana,Danza,Formación
Hombre,Ninguno,No,NO,HUILA,NEIVA,Urbana,Danza,Formación
Hombre,NO,Si,NO,HUILA,NEIVA,Urbana,Danza,Creación
Hombre,NO,Si,DISCAPACIDAD,HUILA,NEIVA,Urbana,Danza,Gestión Cultural
Hombre,NO,No,NO,HUILA,NEIVA,,Danza,Gestión Cultural
Hombre,Ninguno,No,Ninguna de las anteriores,Huila,Neiva,Urbana,Danza,Representación artística
Hombre,Ninguno,No,Ninguna de las anteriores,Huila,Neiva,Urbana,Danza,Educación
Hombre,NO,No,NO,HUILA,NEIVA,Urbana,Danza,Formación
Hombre,Ninguno,No,Ninguna de las anteriores,Huila,Neiva,Urbana,Danza,Gestión Cultural
Mujer,Ninguno,No,Mujer,Huila,Neiva,Urbana,Danza,Formación
Hombre,NO,Si,NO,HUILA,NEIVA,Urbana,Danza,Formación
Mujer,Negro Raizal o Palenquero,No,NO,HUILA,NEIVA,Urbana,Danza,Formación
Hombre,Ninguno,No,Ninguna de las anteriores,Huila,Neiva,Urbana,Danza,Educación
Hombre,NO,No,NO,HUILA,NEIVA,Urbana,Danza,Formación
Hombre,Negro Raizal o Palenquero,No,NO,HUILA,NEIVA,Urbana,Danza,Formación
Hombre,Ninguno,No,LGBTI,Huila,Neiva,Urbana,Danza,Gestión Cultural
Hombre,Ninguno,No,Ninguna de las anteriores,Huila,Neiva,Urbana,Danza,Formación
Hombre,Ninguno,No,no,HUILA,NEIVA,Urbana,Danza,Formación
Hombre,Rrom,No,NO,HUILA,NEIVA,,Danza,Gestión Cultural
Hombre,Rrom,No,NO,HUILA,NEIVA,,Danza,Formación
Hombre,Ninguno,No,Ninguna de las anteriores,Huila,Neiva,Urbana,Danza,Gestión Cultural
Hombre,Ninguno,No,Ninguna de las anteriores,Huila,Neiva,Urbana,Danza,Formación
Mujer,Ninguno,No,Ninguna de las anteriores,Huila,Neiva,Urbana,Danza,Creación
Hombre,Ninguno,No,,HUILA,NEIVA,,Danza,Formación
Hombre,Ninguno,No,Ninguna de las anteriores,Huila,Neiva,Urbana,Danza,Creación
Mujer,Ninguno,No,Ninguna de las anteriores,Huila,Neiva,Urbana,Danza,Empresarial
Hombre,Ninguno,No,No,HUILA,NEIVA,Urbana,Danza,Formación
Mujer,Ninguno,No,No,HUILA,NEIVA,Urbana,Danza,Educación
Mujer,Ninguno,No,No,HUILA,NEIVA,Urbana,Danza,Formación
Mujer,Ninguno,Si,No,HUILA,NEIVA,Urbana,Danza,Cantante
Hombre,Negro Raizal o Palenquero,No,No,HUILA,NEIVA,Rural,Danza,Educación
Hombre,Negro Raizal o Palenquero,No,No,HUILA,NEIVA,Urbana,Danza,emulo cantante
Mujer,Ninguno,No,OTRO,HUILA,NEIVA,Urbana,Danza,Educación
Mujer,Ninguno,No,Ninguna de las anteriores,Huila,Neiva,Urbana,Danza,Representación artística
Mujer,Ninguno,No,No,HUILA,NEIVA,Urbana,Danza,Gestión Cultural
Mujer,Ninguno,No,No,HUILA,NEIVA,Urbana,Danza,Gestión Cultural
Mujer,Ninguno,No,Ninguna de las anteriores,Huila,Neiva,Urbana,Danza,Representación artística
Mujer,Ninguno,No,Mujer,Huila,Neiva,Urbana,Danza,Educación
Mujer,Ninguno,Si,Mujer,Huila,Neiva,Urbana,Danza,Representación Artística
Mujer,N/A,No,NO,HUILA,NEIVA,Urbana,Danza,Gestión Cultural
Mujer,Ninguno,No,Mujer,Huila,Neiva,Urbana,Danza,Formacion
Mujer,Ninguno,No,Mujer,Huila,Neiva,Urbana,Danza,Formación
Hombre,Ninguno,No,LGBTI,Huila,Neiva,Urbana,Danza,Formación
Hombre,No,No,NINIGUNO,HUILA,NEIVA,,Danza,Formación
Mujer,NO,No,,HUILA,NEIVA,,Danza,BAILAN Y TOCAN
Hombre,Ninguno,No,NO,HUILA,NEIVA,,Danza,Formación
Hombre,NO,NO,LGBTI,HUILA,NEIVA,,Danza,Formación
Hombre,Ninguno,No,Ninguna de las anteriores,Huila,Neiva,Urbana,Danza,Representación artística
Hombre,Ninguno,No,Ninguna de las anteriores,Huila,Neiva,Urbana,Danza,Gestión Cultural
Hombre,Ninguno,No,Ninguna de las anteriores,Huila,Neiva,Urbana,Danza,Representación artística
Hombre,No,No,NINGUNO,HUILA,NEIVA,Urbana,Danza,Representación artística
Mujer,NO,No,NINGUNO,HUILA,NEIVA,Urbana,Danza,Representación artística
Hombre,Negro Raizal o Palenquero,No,NINGUNO,HUILA,NEIVA,,Danza,Representación artística
Mujer,Ninguno,No,NO,HUILA,NEIVA,,Danza,Gestión Cultural
Mujer,Ninguno,No,NINGUNO,HUILA,NEIVA,Urbana,Danza,Formación
Mujer,NO,No,No,HUILA,NEIVA,Urbana,Danza,Formación
Mujer,No,No,ninguno,HUILA,NEIVA,Urbana,Danza,Formación
Hombre,Ninguno,No,NINGUNO,HUILA,NEIVA,Urbana,Danza,Formación
Hombre,Ninguno,No,LGBTI,Huila,Neiva,Urbana,Danza,Representación artística
Hombre,Ninguno,No,LGBTI,Huila,Neiva,Urbana,Danza,Formación
Hombre,Ninguno,No,ninguno,HUILA,NEIVA,Urbana,Danza,Empresarial
Hombre,Ninguno,No,ninguno,HUILA,NEIVA,Urbana,Danza,
Hombre,Ninguno,No,Ninguna de las anteriores,Huila,Neiva,Urbana,Danza,Educación
Hombre,Ninguno,No,Ninguna de las anteriores,Huila,Neiva,Urbana,Danza,Formación
Mujer,Ninguno,No,Ninguna de las anteriores,Huila,Neiva,Urbana,Danza,Formación
Hombre,No,No,,HUILA,NEIVA,,Danza,Formación
Mujer,NO,NO,NO,HUILA,NEIVA,Urbana,Danza,Circulación
Hombre,Ninguno,No,No,HUILA,NEIVA,Urbana,Danza,Formación
Hombre,Ninguno,No,No,Huila,NEIVA,Rural,Danza,Baile  Tradicional
Mujer,Ninguno,No,No,HUILA,NEIVA,Urbana,Danza,Gestor Cultural
Mujer,Ninguno,No,Ninguna de las anteriores,Huila,NEIVA,Urbana,Danza,Talleres
Hombre,Ninguno,No,No,Huila,NEIVA,Urbana,Danza,Formación
Hombre,No,No,No,Huila,Neiva,Urbana,Danza,Formacion
Hombre,Ninguno,No,Ninguna de las anteriores,Huila,NEIVA,Urbana,Danza,Formación
Mujer,No,No,No,Huila,NEIVA,Urbana,Danza,Formacion
Mujer,Ninguno,No,Ninguna de las anteriores,Huila,Neiva,Urbana,Danza,Formación
Hombre,N/A,No,No,Huila,Neiva,Urbana,Danza,Formacion
Hombre,Ninguno,No,Ninguna de las anteriores,Huila,NEIVA,Urbana,Danza,Gestor Cultural
Mujer,Ninguno,No,,Huila,NEIVA,Urbana,Danza,Formacion
Mujer,Ninguno,No,,Huila,NEIVA,Urbana,Danza,Formacion
Hombre,Ninguno,No,,Huila,NEIVA,Urbana,Danza,Formacion
Mujer,Ninguno,No,,Huila,NEIVA,Urbana,Danza,Formacion
Mujer,Ninguno,No,,Huila,NEIVA,Urbana,Danza,Formacion
Hombre,Ninguno,No,,Huila,Neiva,Urbana,Danza,Formación
Hombre,Ninguno,No,,Huila,NEIVA,Urbana,Danza,Formación
Hombre,Ninguno,No,,Huila,Neiva,Urbana,Danza,Formación
Mujer,Ninguno,No,,Huila,NEIVA,Urbana,Danza,Formacion
Mujer,Ninguno,No,Ninguna de las anteriores,Huila,NEIVA,Urbana,Danza,Formación
Hombre,Ninguno,No,Ninguna de las anteriores,Huila,Neiva,Urbana,Danza,Formación
Hombre,Ninguno,No,Ninguna de las anteriores,Huila,Neiva,Urbana,Danza,Formación
Hombre,Ninguno,No,Ninguna de las anteriores,Huila,Neiva,Urbana,Danza,Gestión Cultural
Hombre,Ninguno,No,Ninguna de las anteriores,Huila,Neiva,Urbana,Danza,Formación
Hombre,No,No,No,Huila,Neiva,Urbana,Danza,Formación
Mujer,No,No,,Huila,NEIVA,Urbana,Danza,Formación
Mujer,Ninguno,No,Ninguna de las anteriores,Huila,Neiva,Urbana,Danza,Formación
Hombre,Ninguno,No,,Huila,Neiva,Urbana,Danza,Formación
Mujer,Ninguno,No,,Huila,Neiva,Urbana,Danza,Formación
Hombre,Ninguno,No,,Huila,NEIVA,Urbana,Danza,Formación
Hombre,Ninguno,NO,,Huila,NEIVA,Urbana,Danza,Formación
Hombre,Ninguno,No,Ninguna de las anteriores,Huila,Neiva,Urbana,Danza,Creación
Hombre,ninguno,No,Ninguna de las anteriores,Huila,Neiva,Urbana,Danza,Gestor Cultural
Hombre,N/A,No,,Huila,Neiva,Urbana,Danza,Gestor Cultural
Hombre,N/A,No,Ninguna de las anteriores,Huila,NEIVA,Urbana,Danza,Gestor Cultural
Mujer,N/A,No,Ninguna de las anteriores,Huila,Neiva,Urbana,Danza,Gestor Cultural
Mujer,N/A,No,Ninguna de las anteriores,Huila,Neiva,Urbana,Danza,Formación
Hombre,N/A,No,Ninguna de las anteriores,Huila,Neiva,Urbana,Danza,Formación
Mujer,N/A,No,Ninguna de las anteriores,Huila,Neiva,Urbana,Danza,Formación
Hombre,No,No,Ninguna de las anteriores,Huila,Neiva,Urbana,Danza,Formación
Mujer,Ninguno,No,Ninguna de las anteriores,Huila,Neiva,Urbana,Danza,Formación
Hombre,Ninguno,No,Ninguna,Huila,Neiva,Urbana,Danza,Formación
Hombre,No,No,Ninguna de las anteriores,Huila,NEIVA,Urbana,Danza,Formación
Hombre,Ninguno,No,Ninguna de las anteriores,Huila,NEIVA,Urbana,Danza,Formación
Hombre,Ninguno,No,Ninguna de las anteriores,Huila,NEIVA,Urbana,Danza,Formación
Mujer,No,No,Ninguna de las anteriores,Huila,NEIVA,Urbana,Danza,Formación
Mujer,No,NO,Ninguna de las anteriores,Huila,Neiva,Urbana,Danza,Formación
Hombre,No,No,Ninguna de las anteriores,Huila,Neiva,Urbana,Danza,Formación
Mujer,No,No,Ninguna de las anteriores,Huila,NEIVA,Urbana,Danza,Gestor Cultural
Hombre,Ninguno,No,Ninguna de las anteriores,Huila,Neiva,Urbana,Danza,Formacion y Creacion
Mujer,NO APLICA,No,NO,HUILA,NEIVA,Urbana,DANZA,GESTOR CULTURAL
Hombre,Ninguno,No,Ninguna de las anteriores,Huila,Neiva,Urbana,Danza,Formación
Hombre,,No,,Huila,Neiva,,Danza,Gestor Cultural
Hombre,Ninguno,No,Ninguna de las anteriores,Huila,Neiva,Urbana,Danza,Formación
Hombre,Ninguno,No,,HUILA,NEIVA,Urbana,Danza ( Parej o Sanjuanero Huilense,Formación
Hombre,Indígena,No,Ninguna de las anteriores,Huila,Neiva,Urbana,Danza ( Parej o Sanjuanero Huilense,Formación
Hombre,No,No,No,HUILA,NEIVA,Urbana,Danza ( Parej o Sanjuanero Huilense,Formación
Hombre,Ninguno,No,Ninguna de las anteriores,Huila,Neiva,Urbana,Danza ( Parej o Sanjuanero Huilense,Formación
Hombre,Ninguno,No,Ninguna de las anteriores,Huila,Neiva,Urbana,Danza ( Parej o Sanjuanero Huilense,Formación
Hombre,Ninguno,No,NO,HUILA,NEIVA,Urbana,Danza ( Parej o Sanjuanero Huilense,Formación
Hombre,Ninguno,Si,LGBTI,Huila,Neiva,Rural,Danza ( Parej o Sanjuanero Huilense,Formación
Hombre,NO,No,,HUILA,NEIVA,Urbana,Danza ( Parej o Sanjuanero Huilense,Formación
Hombre,Ninguno,No,Victima del conflicto armado,Huila,Neiva,Urbana,Danza ( Parej o Sanjuanero Huilense,Gestión Cultural
Hombre,Ninguno,No,Ninguno,HUILA,NEIVA,,Danza ( Parej o Sanjuanero Huilense,Gestión Cultural
Hombre,Ninguno,No,no,HUILA,NEIVA,Urbana,Danza ( Parej o Sanjuanero Huilense,Formación
Hombre,,,,HUILA,NEIVA,,Danza ( Parej o Sanjuanero Huilense,Educación
Hombre,Ninguno,No,,HUILA,NEIVA,,Danza ( Parej o Sanjuanero Huilense,Formación
Hombre,Ninguno,No,,HUILA,NEIVA,,Danza ( Parej o Sanjuanero Huilense,Formación
Hombre,Ninguno,No,NINGUNO,HUILA,NEIVA,Urbana,Danza ( Parej o Sanjuanero Huilense,Formación
Mujer,NO,No,NO,HUILA,NEIVA,Urbana,Danza (bambuco tradiconal ),Creación
Mujer,NO,No,NO,HUILA,NEIVA,Urbana,Danza (bambuco tradiconal ),Gestión Cultural
Hombre,NO,No,NO,HUILA,NEIVA,Rural,Danza (bambuco tradiconal ),Representación artística
Mujer,Ninguno,Si,Ninguna de las anteriores,Huila,Neiva,Urbana,Danza (bambuco tradiconal ),Gestión Cultural
Mujer,N/A,No,NO,HUILA,NEIVA,Urbana,Danza (bambuco tradiconal ),Gestión Cultural
Hombre,NO,No,NO,HUILA,NEIVA,,Danza (bambuco tradiconal ),Gestión Cultural
Mujer,No,No,No,HUILA,NEIVA,Urbana,Danza (Bambuco Tradicional),Representación artística
Mujer,No,No,No,HUILA,NEIVA,Urbana,Danza (Bambuco Tradicional),Circulación
Mujer,N/A,No,NO,HUILA,NEIVA,Rural,Danza (Bambuco Tradicional),Educación
Hombre,Ninguno,No,N/A,Huila,Neiva,Urbana,Danza (Bambuco Tradicional),Formacion
Hombre,No,No,,Huila,NEIVA,Urbana,Danza (Bambuco Tradicional),Circulación
Mujer,Ninguno,No,Ninguna de las anteriores,Huila,Neiva,Urbana,Danza ( Bambuco Tradicional,Formación
Hombre,NO,No,NO,HUILA,NEIVA,Urbana,Danza ( Bambuco Tradicional,Formación
Mujer,Ninguno,No,Ninguna de las anteriores,Huila,Neiva,Urbana,Danza ( Bambuco Tradicional,Representación artística
Mujer,Ninguno,No,Ninguna de las anteriores,Huila,Neiva,Urbana,Danza ( Bambuco Tradicional,Formación
Hombre,Ninguno,No,Ninguna de las anteriores,Huila,Neiva,Urbana,Danza (Parejo Sanjuanero Huilense),Formación
Hombre,Ninguno,No,,HUILA,NEIVA,,Danza (Parejo Sanjuanero Huilense),Formación
Hombre,Ninguno,No,Ninguna de las anteriores,Huila,Neiva,Urbana,Danza (Parejo Sanjuanero Huilense),Formación
Hombre,Ninguno,No,Ninguno,HUILA,NEIVA,Urbana,Danza (Parejo Sanjuanero Huilense),Educación
Hombre,Ninguno,No,LGBTI,HUILA,NEIVA,Urbana,Danza (Parejo Sanjuanero Huilense).,Formación
Hombre,Ninguno,No,Ninguna de las anteriores,Huila,Neiva,Urbana,Danza (Parejo Sanjuanero Huilense).,Formación
Hombre,Ninguno,No,POBLACIÓN VICTIMA DE LA VIOLENCIA,HUILA,NEIVA,Urbana,Danza (Parejo Sanjuanero Huilense).,Formación
Hombre,Ninguno,No,Ninguna de las anteriores,Huila,Neiva,Urbana,Danza (Parejo Sanjuanero Huilense).,Formación
Mujer,Ninguno,No,Ninguna de las anteriores,Huila,NEIVA,Urbana,Danza - Artes Platicas,Creación y Formación
Hombre,Ninguno,No,Ninguna de las anteriores,Huila,NEIVA,Urbana,Danza - Música,Formación
Mujer,Ninguno,No,Ninguna,Huila,Neiva,Urbana,Danza - Música - Artes Dramatica - Artes Platicas,Formación
Hombre,Ninguno,No,Ninguna de las anteriores,Huila,NEIVA,Rural,Danza - Música - Gestor Cultural,Formación
Mujer,NO,No,NO,HUILA,NEIVA,Urbana,Danza ( Ballet),Formación
Hombre,Negro afrodecendientes Raizal o Palenquero,No,Ninguna de las anteriores,Huila,Neiva,Urbana,Danza ( Danza folcorica Afro),Formación
Hombre,Rrom,No,NO,HUILA,NEIVA,,Danza ( Danza folcorica juvenil),Educación
Mujer,Ninguno,No,Ninguna de las anteriores,Huila,Neiva,Urbana,Danza ( Docente Folclor),Formación
Hombre,Ninguno,No,LGBTI,Huila,Neiva,Urbana,Danza ( Foclor tradiconal: Modalidad Juvenil),Creación
Mujer,NO APLICA,NO,NO,HUILA,NEIVA,,"Danza ( Foclor, tradiconal, proyeccion y ballet: Modalidad infantil, juvenil y adulto)",Gestión Cultural
Mujer,Ninguno,No,Ninguna de las anteriores,Huila,Neiva,Urbana,Danza ( folclor : Juvenil),Formación
Mujer,NO,No,NO,HUILA,NEIVA,Urbana,Danza ( Folclor Adulto y Adulto Mayor ) discapacidad,Gestión Cultural
Mujer,Ninguno,No,Ninguna de las anteriores,Huila,Neiva,Urbana,Danza ( Folclor tradicional juvenil),Formación
Hombre,Ninguno,No,,HUILA,NEIVA,Urbana,Danza ( Folclor tradiconal : Modalidad Juvenil ),Baile  Tradicional
Mujer,NO,No,NO,HUILA,NEIVA,Urbana,Danza ( Folclor tradiconal Juvenil),Educación
Mujer,Ninguno,No,Ninguna de las anteriores,Huila,Neiva,Urbana,Danza ( Folclor y proyeccion: modalidad juvenil ),Representación artística
Hombre,Ninguno,No,Victima del conflicto armado,Huila,Neiva,Urbana,Danza ( Folclor y tradicion ),Gestión Cultural
Mujer,,No,,HUILA,NEIVA,,"Danza ( folclor, proyeccion y contemporaneo: Infantil, Juvenil y Adulto)",Educación
Mujer,Ninguno,No,Mujer,Huila,Neiva,Urbana,"Danza ( folclor, teatro )",Formación
Mujer,Ninguno,No,Mujer,Huila,Neiva,Urbana,"Danza ( Folclor, teatro y proyeccion: Infantil. Juvenil Adulto y Adulto Mayor)",Formación
Mujer,Ninguno,No,Ninguna de las anteriores,Huila,Neiva,Urbana,"Danza ( Folclorica, Tradicional y Moderna)",Formación
Mujer,Ninguno,No,Ninguna de las anteriores,Huila,Neiva,Urbana,"Danza ( Folcolorica, moderna",Formación
Mujer,NO,NO,NO,HUILA,FORTALECILLAS,,Danza ( Folcor y proyeccion: Infantil y Juvenil),Formación
Mujer,Ninguno,No,Ninguna de las anteriores,Huila,Neiva,Urbana,Danza ( folcor y proyeccion: juvenil y adulto),Formación
Mujer,Ninguno,No,Mujer,Huila,Neiva,Urbana,Danza ( Folcor y Proyeccion: Juvenil),Formación
Mujer,Ninguno,No,No,Huila,Neiva,Urbana,"Danza ( Folcor, Proyeccion y Moderno: Infantil y Juvenil)",Formación
Hombre,Ninguno,No,Ninguna de las anteriores,Huila,Neiva,Urbana,"Danza ( Folcor, Proyeccion y Moderno: Juvenil y Adulto)",Formación
Hombre,Ninguno,No,LGBTI,Huila,Neiva,Urbana,"Danza ( Folcor, Proyeccion y Regionales: Juvenil)",Gestión Cultural
Hombre,Ninguno,No,Ninguna de las anteriores,Huila,Neiva,Urbana,Danza ( Folcorica Tradicional: Juevenil y adulto),Formación
Hombre,Ninguno,No,Ninguna de las anteriores,Huila,Neiva,Urbana,"Danza ( Moderno de proyeccion, Folclor y Ocntemporaneo: Juvenil)",Gestión Cultural
Hombre,Ninguno,No,Ninguna de las anteriores,Huila,Neiva,Urbana,Danza ( moderno),Gestión Cultural
Hombre,NO,No,NO,HUILA,NEIVA,Urbana,Danza ( Proyeccion y folclor: Modalidad Juvenil,Formación
Hombre,Ninguno,No,NINIGUNO,HUILA,NEIVA,Urbana,Danza ( tradicional y folcor: Adulto Mayor),Formación
Hombre,Negro Raizal o Palenquero,No,NINIGUNO,HUILA,NEIVA,Urbana,"Danza (Bailarin Folclorico Tradicional Juvenil, Proyeccion y Formacion)",Formación
Hombre,Ninguno,No,Ninguna de las anteriores,Huila,NEIVA,Urbana,"Danza (Bailarín Folclórico Tradicional Juvenil, Proyección y Formación).",Formación
Mujer,Ninguno,No,Mujer,Huila,Neiva,Urbana,Danza (Bailarina Danza Folcorica),Formación
Mujer,Ninguno,No,Ninguna de las anteriores,Huila,Neiva,Urbana,Danza (Bambuco Tradicion y Proyeccion: Infantil y Juvenil),Formación
Hombre,Ninguno,No,Ninguna de las anteriores,Huila,Neiva,Urbana,"Danza (Bambuco tradicional), Musico",Gestor Cultural
Mujer,No,No,NINIGUNO,HUILA,NEIVA,Urbana,Danza (Bambuco Tradicional).,Formación
Hombre,Ninguno,Si,Ninguna de las anteriores,Huila,Neiva,Urbana,Danza (Bambuco Tradiconal),Representación artística
Mujer,Ninguno,No,Mujer,Huila,Neiva,Urbana,Danza (Bambuco Tradiconal).,Gestión Cultural
Mujer,Ninguno,No,Mujer,Huila,Neiva,Urbana,Danza (Folclor  Moderno: Modalidad Juvenil e infantil),Formación
Mujer,Ninguno,No,Ninguna de las anteriores,Huila,Neiva,Urbana,Danza (folclor tradiconal: Infantil y juvenil),Formación
Mujer,Ninguno,No,Ninguna de las anteriores,Huila,Neiva,Urbana,Danza (Folclor y Proyección),Formación
Mujer,NO,No,NO,HUILA,NEIVA,Urbana,Danza (Folclor y Proyeccion: Modalidad Juvenil y Adulto),Formación
Hombre,Ninguno,No,Campesino,Huila,Neiva,Rural,Danza (Folclor),Educación
Mujer,Ninguno,No,Ninguna de las anteriores,Huila,Neiva,Urbana,"Danza (Folclor, Moderno, Bambuco tradicional: Modalidad Infantil y Juvenil)",Formación
Hombre,Ninguno,No,Ninguna de las anteriores,Huila,Neiva,Urbana,"Danza (Folclrica, Comparsa: Modalidad Infantil y Juvenil).",Educación
Hombre,Ninguno,No,LGBTI,Huila,Neiva,Urbana,"Danza (Folcor, Moderno y Proyeccion: Juvenil)",Gestión Cultural
Mujer,Ninguno,No,Ninguna de las anteriores,Huila,Neiva,Urbana,"Danza (Folcor, Proyeccion y tradicional : Modalidad Infantil y  Juevenil)",Formación
Hombre,Ninguno,No,Ninguna de las anteriores,Huila,Neiva,Urbana,Danza (Moderna y Proyeccion: Infantil y Juvenil)Porras,Representación artística
Hombre,Ninguno,No,no,HUILA,NEIVA,Urbana,Danza (Parej o Sanjuanero Huilense),Formación
Hombre,Ninguno,No,Ninguna de las anteriores,Huila,Neiva,Urbana,Danza (Parejo Sanjuanero Huilense y Formación),Formación
Mujer,Afrodescendiente,No,No,HUILA,NEIVA,Urbana,Danza (Tradicional Afro),Gestión Cultural
Mujer,NO,No,NO,HUILA,NEIVA,Urbana,Danza (Tradicional y folclor: Modalidad Juvenil adulto),Formación
Hombre,Ninguno,No,,Huila,Neiva,Urbana,Danza Gestor Cultural,Formación
Hombre,Ninguno,No,,Huila,NEIVA,Urbana,Danza y Arte Dramatico,Formación
Hombre,Ninguno,No,Ninguna de las anteriores,HUILA,NEIVA,Urbana,Danza Y Gestor Cultural,Estudios Universitarios
Mujer,Ninguno,No,Ninguna de las anteriores,Huila,Neiva,Urbana,Danza y Musica,Formación y Educación
Mujer,Ninguno,No,,Huila,NEIVA,Rural,"Danza, Artes Dramatico, Arte Plastico",Gestor Cultural
Hombre,NO,NO,NO,HUILA,NEIVA,,MUSICAL,CANTANTE
Mujer,NO,NO,NO,HUILA,NEIVA,,MUSICAL,CANTANTE
Hombre,Ninguno,No,Ninguna de las anteriores,Huila,Neiva,Urbana,Música - Artes Dramaticas - Artes Plasticas,Gestor Cultural
Hombre,Ninguno,No,Ninguna de las anteriores,Huila,NEIVA,Urbana,"Musica, Artes Plasticas y Artes Audivisuales",Formación y Educación
Hombre,NO,No,NO,HUILA,NEIVA,Urbana,musica-emulo,Creación
Mujer,NO APLICA,NO,NO,HUILA,NEIVA,Urbana,MÚSICA-TOCA GUITARRA. CANTA- BAILA,Gestión Cultural
Hombre,NO,No,NO,HUILA,CAMPOALEGRE,Urbana,Musico - Artesanía,Creación
Hombre,Ninguno,No,Ninguna de las anteriores,Huila,NEIVA,Urbana,Musico - Gestor Cultural,Creación y Formación
Hombre,NO,Si,NO,HUILA,NEIVA,Urbana,Musico (Cantautor - Artesano - Carrocero),Creación
Hombre,Ninguno,No,,Huila,NEIVA,Urbana,Musico (Comparsa),Formación
Hombre,NO,No,No,HUILA,NEIVA,Urbana,Musico (Orquesta Grupo Bache),Creación Cultural
Hombre,NO APLICA,No,DESPLAZADO,HUILA,NEIVA,Rural,MÚSICO CANANTE GUITARRISTA,GESTOR CULTURAL
Hombre,Ninguno,No,No,Huila,Neiva,Urbana,Musico Percusionista,Gestor Cultural
Hombre,NO APLICA,No,NO,HUILA,NEIVA,Urbana,MUSICO(ACORDENONERO-PIANISTA),Gestión Cultural
Hombre,NO APLICA,NO,DESPLAZADO,HUILA,NEIVA,Urbana,MUSICO(CANTA AUTOR),Gestión Cultural
Hombre,NO APLICA,SI-CORAZON,NO,HUILA,NEIVA,Rural,MUSICO(CANTANTE- GUITARRISTA),GESTOR CULTURAL
Mujer,NO APLICA,NO,NO,HUILA,NEIVA,Urbana,MÚSICO-ELABORA INSTRUMENTOS,Gestión Cultural
